{"text": "\u7f85\u8cd3,\u6bcf\u4e00\u958b\u6230,\u6211\u8a72\u600e\u9ebc\u56e0\u61c9\u53f0\u7063\u7684\u80a1\u5e02?", "segments": [{"id": 0, "seek": 0, "start": 0.0, "end": 6.0, "text": "\u7f85\u8cd3,\u6bcf\u4e00\u958b\u6230,\u6211\u8a72\u600e\u9ebc\u56e0\u61c9\u53f0\u7063\u7684\u80a1\u5e02?", "tokens": [50364, 36004, 13352, 241, 11, 23664, 2257, 8949, 23209, 11, 1654, 22033, 11614, 8698, 20481, 29152, 1546, 14356, 94, 27261, 30, 50664], "temperature": 0.0, "avg_logprob": -0.28045986009680707, "compression_ratio": 0.8307692307692308, "no_speech_prob": 0.2866411507129669}], "language": "zh"}