出表日期,資料年月,公司代號,公司名稱,產業別,營業收入-當月營收,營業收入-上月營收,營業收入-去年當月營收,營業收入-上月比較增減(%),營業收入-去年同月增減(%),累計營業收入-當月累計營收,累計營業收入-去年累計營收,累計營業收入-前期比較增減(%),備註
"1150317","11502","1101","台泥","水泥工業","8593689","12252892","9123490","-29.86399455736654","-5.8069992952258405","20846581","21336840","-2.2977113761925385","-"
"1150317","11502","1102","亞泥","水泥工業","3493115","5986964","4184371","-41.654651673201975","-16.519950071348838","9480079","10062045","-5.783774570676239","-"
"1150317","11502","1103","嘉泥","水泥工業","188835","256819","218169","-26.4715616835203","-13.445539925470621","445654","486172","-8.334087524579779","-"
"1150317","11502","1104","環泥","水泥工業","460060","718229","538636","-35.94522081397437","-14.587959215499893","1178289","1226440","-3.9260787319395973","-"
"1150317","11502","1108","幸福","水泥工業","259157","374664","356169","-30.829489889607757","-27.23763157377537","633821","804398","-21.205547502604432","-"
"1150317","11502","1109","信大","水泥工業","167550","373777","238647","-55.17380684204753","-29.791700712768233","541327","543202","-0.3451754595896186","-"
"1150317","11502","1110","東泥","水泥工業","159417","198691","228781","-19.766370897524297","-30.318951311516255","358108","465570","-23.081813690744678","-"
"1150317","11502","1201","味全","食品工業","1640170","1676231","1529280","-2.151314466800817","7.251124712282905","3316401","3442294","-3.657241362881846","-"
"1150317","11502","1203","味王","食品工業","386214","461815","470623","-16.370408063835086","-17.93558750847281","848029","1010885","-16.11024003719513","-"
"1150317","11502","1210","大成","食品工業","7628102","9726934","8087375","-21.577528952082947","-5.678888390856119","17355036","16771965","3.4764620603489216","-"
"1150317","11502","1213","大飲","食品工業","29013","24751","24067","17.219506282574443","20.550961898034654","53764","46447","15.75343940405193","-"
"1150317","11502","1215","卜蜂","食品工業","2030010","2634849","2030712","-22.955357214018715","-0.034569156039852035","4664859","4361729","6.9497669387529575","-"
"1150317","11502","1216","統一","食品工業","51532816","66104462","47574945","-22.04336221660801","8.319234000165423","117637278","113330461","3.8002289605086843","-"
"1150317","11502","1217","愛之味","食品工業","319659","462021","313901","-30.81288512859805","1.8343363034842195","781680","783035","-0.17304462763478007","-"
"1150317","11502","1218","泰山","食品工業","837121","943672","786116","-11.291105384074127","6.488228200418259","1780793","1673833","6.390123745917305","-"
"1150317","11502","1219","福壽","食品工業","1059567","1271934","1162280","-16.696385189797585","-8.837199297931651","2331501","2341159","-0.4125307166236894","-"
"1150317","11502","1220","台榮","食品工業","183280","288493","270707","-36.46986235367929","-32.29580321159039","471773","489613","-3.643694101259566","-"
"1150317","11502","1225","福懋油","食品工業","889099","1313398","1068503","-32.30543978291424","-16.79021958759124","2202497","2158758","2.0261187219688357","-"
"1150317","11502","1227","佳格","食品工業","1872242","3796317","1605125","-50.68267481351004","16.641507670742154","5668559","4873756","16.30781270133343","-"
"1150317","11502","1229","聯華","食品工業","687463","996429","789043","-31.007327165307313","-12.873823099628284","1683892","1653244","1.8538098429511918","-"
"1150317","11502","1231","聯華食","食品工業","1103687","1271114","834848","-13.171674609830433","32.20214937329909","2374801","2124317","11.79127220654921","-"
"1150317","11502","1232","大統益","食品工業","1661070","2213265","1633429","-24.949339550392747","1.6922070074671136","3874334","3461769","11.917750722246343","-"
"1150317","11502","1233","天仁","食品工業","200044","198102","161766","0.9803030761930722","23.66257433576895","398146","382004","4.225610203034523","-"
"1150317","11502","1234","黑松","食品工業","805443","794428","777480","1.3865321967503663","3.59661984874209","1599871","1620011","-1.2432014350519842","-"
"1150317","11502","1235","興泰","食品工業","15848","23862","1746","-33.58477914676054","807.6746849942726","39710","10353","283.56032067999615","泰宇網通累計1-2月營收較去年同期增加 29,491仟元"
"1150317","11502","1236","宏亞","食品工業","138565","303656","87822","-54.367771425560505","57.77937191136617","442221","382900","15.492556803342909","本月業績大幅成長主因：農曆新年節慶挪移影響，使得今年度大量出貨落點在115/01-115/02，去年度則落在113/12-114/01。"
"1150317","11502","1256","鮮活果汁-KY","食品工業","336653","448137","179442","-24.87721388771737","87.61103866430379","784790","508292","54.3974723190607","春節假期，直飲產品銷量增加，致本月營收較去年同期成長。"
"1150317","11502","1301","台塑","塑膠工業","10739649","13891082","16129819","-22.68673527375333","-33.41742396489384","24630731","30109841","-18.19707384040985","-"
"1150317","11502","1303","南亞","塑膠工業","18556362","22872625","22080604","-18.87086856012373","-15.960804333069875","41428987","42538893","-2.609155814186326","-"
"1150317","11502","1304","台聚","塑膠工業","2843587","3583459","4165011","-20.64686661686376","-31.72678295447479","6427046","7850792","-18.135062042148103","-"
"1150317","11502","1305","華夏","塑膠工業","785281","806175","850423","-2.5917449685242038","-7.659952752924133","1591456","1625769","-2.110570443894551","-"
"1150317","11502","1307","三芳","塑膠工業","789802","1151903","949002","-31.43502534501603","-16.775517859814837","1941705","1908990","1.7137334401961246","-"
"1150317","11502","1308","亞聚","塑膠工業","377128","448082","532521","-15.835048049240987","-29.180633252021988","825210","969971","-14.924260622224788","-"
"1150317","11502","1309","台達化","塑膠工業","824009","1135298","1445653","-27.419144577018546","-43.000913773913936","1959307","2730681","-28.248411293739547","-"
"1150317","11502","1310","台苯","塑膠工業","624367","705741","720506","-11.530292274361274","-13.34326154119466","1330108","1598061","-16.76738247163281","-"
"1150317","11502","1312","國喬","塑膠工業","2072655","2321933","1791123","-10.735796424789173","15.718183508335274","4394588","3050187","44.07601894572365","-"
"1150317","11502","1313","聯成","塑膠工業","2565385","5300917","4286677","-51.604882702370176","-40.154459969808784","7883138","8670693","-9.082953346404953","-"
"1150317","11502","1314","中石化","塑膠工業","1098234","1589699","2035647","-30.915601003712023","-46.04987996445356","2687933","4397766","-38.87958113278424","-"
"1150317","11502","1315","達新","塑膠工業","144318","126246","184467","14.314908987215437","-21.764868513067377","270564","386710","-30.034392697370123","-"
"1150317","11502","1316","上曜","建材營造","520392","718541","249447","-27.576575310246735","108.61826359908116","1238933","464905","166.4916488314817","主因子公司營收上升，致本月及本年度營收較去年同期增加。"
"1150317","11502","1319","東陽","汽車工業","1434755","2150642","2508735","-33.28713007557743","-42.80962317662089","3585397","4738762","-24.338951819061602","-"
"1150317","11502","1321","大洋","塑膠工業","194063","330086","304849","-41.20835176287392","-36.34127059626241","524326","631084","-16.916606981004115","-"
"1150317","11502","1323","永裕","塑膠工業","149301","179252","143000","-16.708879119898242","4.406293706293706","328554","332115","-1.0722189602998962","-"
"1150317","11502","1324","地球","塑膠工業","36917","59958","62235","-38.428566663331","-40.681288663935085","96875","117082","-17.258844228831077","-"
"1150317","11502","1325","恆大","塑膠工業","14835","24322","23183","-39.005838335663185","-36.0091446318423","39157","52406","-25.281456321795215","-"
"1150317","11502","1326","台化","塑膠工業","22981250","25040014","27143490","-8.221896361559542","-15.334210891819733","48021264","51162657","-6.140011454057205","-"
"1150317","11502","1337","再生-KY","塑膠工業","36192","54359","61049","-33.42040876395813","-40.716473652312075","90551","136662","-33.74090822613455","-"
"1150317","11502","1338","廣華-KY","汽車工業","284407","416618","387589","-31.734346571679573","-26.62149854614037","702533","839610","-16.32627053036529","-"
"1150317","11502","1339","昭輝","汽車工業","110249","144002","155805","-23.439257788086277","-29.239112993806362","254321","311823","-18.440589693512024","-"
"1150317","11502","1340","勝悅-KY","塑膠工業","5030","2967","15979","69.53151331311089","-68.52118405407097","7997","32492","-75.3877877631417","由於受市場低迷影響，EVO膠粒銷售持續虧損，故公司調整營運，並暫停該車間生產營運，致營收下滑。"
"1150317","11502","1341","富林-KY","塑膠工業","123597","248122","187099","-50.18700477990666","-33.94032036515428","371719","421401","-11.789720480017845","-"
"1150317","11502","1342","八貫","其他","244978","301479","242393","-18.741272194746568","1.0664499387358546","546457","497415","9.859372958193863","-"
"1150317","11502","1402","遠東新","紡織纖維","17896522","21993415","19649054","-18.627816553272876","-8.919167304441222","39889937","41694056","-4.327041245399584","-"
"1150317","11502","1409","新纖","紡織纖維","2768316","3334219","3391760","-16.972580385391602","-18.38113545769748","6102535","6778783","-9.975949960339488","-"
"1150317","11502","1410","南染","紡織纖維","12885","14210","19688","-9.32441942294159","-34.55404307192198","27095","31675","-14.459352801894239","-"
"1150317","11502","1413","宏洲","紡織纖維","105547","144951","178124","-27.184358852301813","-40.74521120118569","250498","374570","-33.123848679819524","-"
"1150317","11502","1414","東和","紡織纖維","32662","41048","40915","-20.42974079126876","-20.17108639863131","73710","80705","-8.667368812341243","-"
"1150317","11502","1416","廣豐","其他","33389","37712","28146","-11.463194739075096","18.62786896894763","71102","55566","27.95954360580211","-"
"1150317","11502","1417","嘉裕","紡織纖維","23236","30235","16382","-23.148668761369272","41.838603345134906","53471","36342","47.1327940124374","-"
"1150317","11502","1418","東華","紡織纖維","18","613","1312","-97.06362153344209","-98.6280487804878","631","1991","-68.3073832245103","配合客戶生產線出貨。"
"1150317","11502","1419","新紡","紡織纖維","379790","509836","330627","-25.507418071693643","14.869626497533474","889626","667723","33.232792640061824","-"
"1150317","11502","1423","利華","紡織纖維","17386","5852","11062","197.09501025290498","57.16868559030917","23238","17774","30.74153257567233","本月營收增加主因配合客戶需求出貨。"
"1150317","11502","1432","大魯閣","運動休閒","72081","65998","107937","9.216945968059639","-33.21937797048278","138079","230312","-40.04697974920977","-"
"1150317","11502","1434","福懋","紡織纖維","1869940","2426027","2564073","-22.92171521586528","-27.071499134385018","4295967","4872680","-11.835642808475008","-"
"1150317","11502","1435","中福","其他","499","498","499","0.20080321285140562","0.0","997","997","0.0","-"
"1150317","11502","1436","華友聯","建材營造","12853","23389","76186","-45.04681687972979","-83.12944635497335","36242","221931","-83.66969914072392","本月及累計營收較去年同期減少，係今年交屋數量較去年同期減少所致。"
"1150317","11502","1437","勤益控","其他","54278","66341","67989","-18.183325545288735","-20.166497521657917","120619","123309","-2.1815114874015684","-"
"1150317","11502","1438","三地開發","建材營造","1134","178785","0","-99.36571860055373","","179919","0","","因本年已有建案完工交屋，故營收變化大。"
"1150317","11502","1439","雋揚","建材營造","4400","5180","4266","-15.057915057915057","3.1411157993436474","9579","8461","13.21356813615412","-"
"1150317","11502","1440","南紡","紡織纖維","865498","1103124","1418665","-21.54118666623154","-38.992080582801435","1968622","2732867","-27.964954020814037","-"
"1150317","11502","1441","大東","紡織纖維","57056","117500","108493","-51.441702127659575","-47.410432009438395","174556","243267","-28.245096951086666","-"
"1150317","11502","1442","名軒","建材營造","78263","144424","473261","-45.810253143521855","-83.46303625272313","222687","812308","-72.58589106595035","本月認收7戶，去年同期認收41戶；本年累計認收20戶，去年累計認收69戶，故兩期差異大。"
"1150317","11502","1443","立益物流","其他","76166","76886","82805","-0.936451369560128","-8.017631785520198","153052","168076","-8.938813393940837","-"
"1150317","11502","1444","力麗","紡織纖維","665239","527231","583534","26.176002549167254","14.001754824911659","1192470","1215160","-1.867243819743902","-"
"1150317","11502","1445","大宇","紡織纖維","45054","73686","50509","-38.85677062128491","-10.80005543566493","118740","130366","-8.917969409201786","-"
"1150317","11502","1446","宏和","紡織纖維","76133","6715","10852","1033.7751303052867","601.5573166236638","82848","153938","-46.18092998479907","營建銷售增加營收"
"1150317","11502","1447","力鵬","紡織纖維","1723100","2477005","1714781","-30.43615172355324","0.48513483646016603","4200104","4083443","2.8569273527266086","-"
"1150317","11502","1449","佳和","紡織纖維","283925","228333","232350","24.346896856783733","22.19711641919518","512258","439464","16.564269200662626","-"
"1150317","11502","1451","年興","紡織纖維","458977","550618","438156","-16.64329898405065","4.751960488958271","1009595","896608","12.601605160783754","-"
"1150317","11502","1452","宏益","紡織纖維","75246","91925","129933","-18.14413924394887","-42.08861490152617","167171","235336","-28.964969235476087","-"
"1150317","11502","1453","大將","建材營造","125","126","124","-0.7936507936507936","0.8064516129032258","251","248","1.2096774193548387","-"
"1150317","11502","1454","台富","紡織纖維","74526","108456","136416","-31.284576233680017","-45.368578465869106","182982","253883","-27.926643375097978","無"
"1150317","11502","1455","集盛","紡織纖維","318242","417747","641314","-23.819440953495775","-50.37657060347973","735989","1189284","-38.11494983536313","2月適逢農曆春節銷售天數減少1/3，去年同期農曆春節為1月，比較基期較高，二者影響致本期減少比例較大。"
"1150317","11502","1456","怡華","建材營造","112471","50441","65210","122.97535734818898","72.47508050912437","162912","98656","65.13136555303277","本月認列建設收入較去年本月增加所致"
"1150317","11502","1457","宜進","紡織纖維","156605","218095","254736","-28.19413558311745","-38.52262734752842","374700","539417","-30.536115843586686","-"
"1150317","11502","1459","聯發","紡織纖維","47656","82826","121057","-42.4625117716659","-60.63342062003849","130677","219486","-40.462261829911704","春節期間工作日減少，致營業額下降。"
"1150317","11502","1460","宏遠","紡織纖維","450189","662268","729701","-32.02313866893765","-38.305004378505714","1112459","1413485","-21.29672405437624","-"
"1150317","11502","1463","強盛新","紡織纖維","16307","27016","178204","-39.639472904945215","-90.84925141972121","43323","628927","-93.11160118741921","子公司保強建設房屋售出入帳"
"1150317","11502","1464","得力","紡織纖維","792863","1061584","1202274","-25.31321120137455","-34.05305279828059","1854447","2238311","-17.149716907078595","-"
"1150317","11502","1465","偉全","紡織纖維","20212","43758","15920","-53.80958910370675","26.959798994974875","63970","58807","8.779567058343394","-"
"1150317","11502","1466","聚隆","紡織纖維","159530","194990","232850","-18.185547976819326","-31.48808245651707","354520","456547","-22.347534864975568","-"
"1150317","11502","1467","南緯","紡織纖維","373739","345912","469955","8.044531557159047","-20.473449585598622","719651","841965","-14.527207187947242","-"
"1150317","11502","1468","昶和","紡織纖維","27453","74788","69212","-63.292239396694654","-60.33491302086343","102242","124802","-18.07663338728546","本年因受農曆春節假期影響基數較低，致營收減少。"
"1150317","11502","1470","大統新創","紡織纖維","48383","73862","55157","-34.49541035986028","-12.281306089888863","122246","123054","-0.6566222959026119","-"
"1150317","11502","1471","首利","電子零組件業","4068","10320","10461","-60.58139534883721","-61.112704330369944","14388","28336","-49.22360248447205","本月營收較去年同期減少，主係因為客戶需求減少所致。"
"1150317","11502","1472","三洋實業","建材營造","350999","336469","272165","4.31837702730415","28.96551724137931","687468","608865","12.909758320810031","本公司以專案收入為主要營收，因各財務報表期間所認列專案別不同，使得營業收入同期比較不具相同基礎，此為本公司營業特性。"
"1150317","11502","1473","台南","紡織纖維","707190","696586","977784","1.522281527334744","-27.67421025502565","1403776","1766245","-20.522011385736405","-"
"1150317","11502","1474","弘裕","紡織纖維","148784","239437","251702","-37.860898691513846","-40.88882885316764","388221","470515","-17.490196911894415","-"
"1150317","11502","1475","業旺","紡織纖維","87958","129122","146029","-31.879927510416504","-39.76675865752693","217080","281846","-22.979215600008516","-"
"1150317","11502","1476","儒鴻","紡織纖維","2439916","3581621","2633763","-31.876767530679544","-7.3600775772155655","6021537","5963959","0.9654325256092472","-"
"1150317","11502","1477","聚陽","紡織纖維","2937964","2828261","2969487","3.878814578993947","-1.0615638324060688","5766225","6470152","-10.879605301390137","-"
"1150317","11502","1503","士電","電機機械","2844510","4483948","2920936","-36.56237761900896","-2.61649005661199","7328458","7169059","2.22342988110434","-"
"1150317","11502","1504","東元","電機機械","4428182","4643699","4435229","-4.641063083546113","-0.15888694811474222","9071881","8738581","3.814120393230892","-"
"1150317","11502","1506","正道","電機機械","96478","95635","80734","0.8814764469075129","19.50107761290163","192113","155284","23.71718915020221","-"
"1150317","11502","1512","瑞利","汽車工業","140262","108137","79163","29.707685621017784","77.18125892146584","248399","207938","19.458203887697294","本月恰逢農曆新年假期故營收相較去年同期增加77.18%。"
"1150317","11502","1513","中興電","電機機械","1879058","2133688","2155049","-11.933797256206155","-12.806715763771496","4012746","4084266","-1.751110236208905","-"
"1150317","11502","1514","亞力","電機機械","778370","965888","679782","-19.41405214683276","14.502884748345792","1744258","1251605","39.36169957774218","-"
"1150317","11502","1515","力山","電機機械","288446","450296","239627","-35.94302414411854","20.3729129021354","738742","575461","28.373947148460104","客戶庫存管理減少採購量"
"1150317","11502","1516","川飛","其他","11818","4909","6993","140.74149521287433","68.997568997569","16727","12023","39.12501039673958","主係新拓展業務出貨成長。"
"1150317","11502","1517","利奇","電機機械","94467","181152","163301","-47.852080021197665","-42.15160960435025","275619","341961","-19.400457946958863","-"
"1150317","11502","1519","華城","電機機械","1363202","1356774","1176341","0.47377087119888794","15.88493472556002","2719976","2451390","10.956477753437845","-"
"1150317","11502","1521","大億","汽車工業","284898","369747","317037","-22.94785353228018","-10.13730258613348","654645","574116","14.02660786321928","-"
"1150317","11502","1522","堤維西","汽車工業","1900928","2307740","1528704","-17.628155684782513","24.348991040777022","4208668","3212911","30.99236175542989","-"
"1150317","11502","1524","耿鼎","汽車工業","150333","211582","254141","-28.948114678942442","-40.84661664194286","361915","464633","-22.107340632283975","-"
"1150317","11502","1525","江申","汽車工業","74479","101473","82131","-26.602150325702404","-9.316823124033556","175952","156298","12.574697053065298","-"
"1150317","11502","1526","日馳","電機機械","40240","55083","68759","-26.946607846340978","-41.47675213426606","95323","129700","-26.505011565150348","-"
"1150317","11502","1527","鑽全","電機機械","145143","240478","267891","-39.6439591147631","-45.82012833577836","385621","561215","-31.288187236620548","-"
"1150317","11502","1528","恩德","電機機械","220658","250494","186120","-11.91086413247423","18.55684504620675","471152","359760","30.962864131643318","-"
"1150317","11502","1529","樂事綠能","電機機械","58630","156851","118552","-62.62057621564415","-50.54490856333086","215481","160133","34.5637688671292","本月無台電變壓器交貨,故本月營收較比去年同期減幅大"
"1150317","11502","1530","亞崴","電機機械","130895","141251","171648","-7.331629510587535","-23.74219332587621","272146","378634","-28.124257198244216","-"
"1150317","11502","1531","高林股","電機機械","102687","117207","114415","-12.38833858046021","-10.25040423021457","219894","250344","-12.163263349630908","-"
"1150317","11502","1532","勤美","電機機械","973567","1082068","837571","-10.027188679454525","16.236951852439972","2055635","1905744","7.865222191438095","-"
"1150317","11502","1533","車王電","汽車工業","431087","390258","238506","10.462053308324236","80.74471921041818","821345","503915","62.99276663723049","本月營收較去年同期增加192,581仟元，主要係電動巴士營收增加約221,895仟元所致。"
"1150317","11502","1535","中宇","電機機械","772725","630751","793174","22.508723727746766","-2.578122833073197","1403476","1614489","-13.069955880777137","-"
"1150317","11502","1536","和大","汽車工業","301194","397882","454999","-24.300672058550024","-33.80337099641977","699076","832448","-16.021661413085262","-"
"1150317","11502","1537","廣隆","電機機械","546743","618676","501917","-11.626925886893948","8.930958704327608","1165418","1151080","1.245612815790388","-"
"1150317","11502","1538","正峰","電機機械","2160","4606","11618","-53.10464611376465","-81.4081597521088","6766","20528","-67.04014029618082","因今年2月適逢春節假期及台灣工廠因租約到期而進行搬廠，致本月營收大幅下降"
"1150317","11502","1539","巨庭","電機機械","84208","92097","90103","-8.565968489744508","-6.542512457964774","176305","240227","-26.60899898845675","-"
"1150317","11502","1540","喬福","電機機械","21574","36298","28572","-40.5642184142377","-24.492510149797003","57872","82849","-30.147617955557703","歐洲衰退"
"1150317","11502","1541","錩泰","電機機械","191159","248105","186643","-22.952379033070677","2.4195924840470844","439265","510395","-13.936265049618433","-"
"1150317","11502","1558","伸興","電機機械","506940","719888","600591","-29.58071255528638","-15.593140756354991","1226828","1384409","-11.382546631811842","-"
"1150317","11502","1560","中砂","電機機械","751193","752917","604077","-0.22897610227953413","24.35384892985497","1504110","1169885","28.56904738499938","-"
"1150317","11502","1563","巧新","汽車工業","558743","637198","637817","-12.312499411485911","-12.397599938540365","1195941","1235425","-3.1959851872837284","-"
"1150317","11502","1568","倉佑","汽車工業","66909","73489","93426","-8.953720965042388","-28.38289127223685","140398","197926","-29.065408283904084","-"
"1150317","11502","1582","信錦","電子零組件業","550886","823187","714364","-33.0788751523044","-22.884411868459217","1374074","1500944","-8.452680446439041","-"
"1150317","11502","1583","程泰","電機機械","205899","312111","270309","-34.0302007939483","-23.82828540670122","518010","576607","-10.162380963116993","-"
"1150317","11502","1587","吉茂","汽車工業","226514","292309","158653","-22.508715092590375","42.773222063244944","518823","353863","46.6169110644515","-"
"1150317","11502","1589","永冠-KY","電機機械","420278","645088","507677","-34.84950890421152","-17.21547361806818","1065366","989311","7.6876735424957365","-"
"1150317","11502","1590","亞德客-KY","電機機械","2171413","3702382","2371072","-41.35091948912889","-8.420621558518679","5873795","4590580","27.953221597270932","本月營業收入換算匯率為4.5705490；本年累計營業收入換算匯率為4.5430003。"
"1150317","11502","1597","直得","電機機械","106281","107622","89452","-1.246027763840107","18.813441845906183","213903","166383","28.560610158489748","-"
"1150317","11502","1598","岱宇","運動休閒","487111","475669","577925","2.4054542129085563","-15.713803694250984","962780","1303896","-26.161288937154495","-"
"1150317","11502","1603","華電","電器電纜","303060","464051","480534","-34.69252302009908","-36.932662413065465","767111","878804","-12.70965994692787","-"
"1150317","11502","1604","聲寶","電器電纜","631054","960596","669466","-34.305993362454146","-5.737707366766946","1591650","1678142","-5.15403344889765","-"
"1150317","11502","1605","華新","電器電纜","11867190","13468434","15431274","-11.88886547611994","-23.096498707754137","25335624","29538241","-14.227715861618165","-"
"1150317","11502","1608","華榮","電器電纜","983547","1181449","788860","-16.75078653416271","24.679537560530385","2164996","1695491","27.69138851223628","-"
"1150317","11502","1609","大亞","電器電纜","2284297","3019759","2423121","-24.35498991806962","-5.729140228655523","5304056","4563483","16.228240578523028","-"
"1150317","11502","1611","中電","電器電纜","65325","95312","90462","-31.461935538022495","-27.787358227764145","160637","184811","-13.080390236511896","-"
"1150317","11502","1612","宏泰","電器電纜","473965","730018","596430","-35.074888564391564","-20.53300471136596","1203983","1114583","8.020936978224142","-"
"1150317","11502","1614","三洋電","電器電纜","419514","461407","447107","-9.079402783226088","-6.171453365749138","880921","946936","-6.97143207143883","-"
"1150317","11502","1615","大山","電器電纜","238215","389320","606204","-38.812544950169524","-60.70382247560227","627535","883795","-28.99541183192935","因適逢春節假期,至本月營收較去年同期減少60.7%"
"1150317","11502","1616","億泰","電器電纜","314402","577471","404443","-45.55536122160247","-22.26296412597078","891873","769527","15.898857350034502","-"
"1150317","11502","1617","榮星","電器電纜","187172","321218","265802","-41.73053813920764","-29.582170186830798","508390","492672","3.190357885164978","-"
"1150317","11502","1618","合機","電器電纜","107573","703654","416799","-84.71223072703346","-74.19067704097179","811227","544149","49.08177723380912","115年2月超高壓電纜及附屬器材出貨較去年同期減少。"
"1150317","11502","1623","大東電","電器電纜","602009","613933","526347","-1.9422314812854171","14.37492756679529","1215942","1057362","14.997701827756247","-"
"1150317","11502","1626","艾美特-KY","電器電纜","348225","598085","493367","-41.776670540140614","-29.418668050356022","946310","1004466","-5.789743007727489","-"
"1150317","11502","1702","南僑","食品工業","1645241","2104739","1633026","-21.83159052024978","0.7479978885823005","3749980","3802641","-1.384853316418773","-"
"1150317","11502","1707","葡萄王","生技醫療業","625771","794503","634321","-21.237427674911235","-1.3478979885578437","1420274","1330455","6.750998718483526","-"
"1150317","11502","1708","東鹼","化學工業","433100","552559","534333","-21.619229801704435","-18.945676198176045","985659","979443","0.6346464265914402","-"
"1150317","11502","1709","和益","化學工業","640347","867400","807127","-26.176273922065945","-20.663414803370472","1507747","1726734","-12.68215023275154","-"
"1150317","11502","1710","東聯","化學工業","1319865","1796146","2154946","-26.51683103712059","-38.75182951220123","3116011","3988985","-21.884614757889537","無"
"1150317","11502","1711","永光","化學工業","483949","724301","645241","-33.18399394726778","-24.997171599448887","1208250","1287707","-6.17042541509831","-"
"1150317","11502","1712","興農","化學工業","1391427","1528811","1529106","-8.986329899510142","-9.003888546640978","2920238","3158963","-7.557068569654029","-"
"1150317","11502","1713","國化","化學工業","28549","30646","31026","-6.842654832604581","-7.9836266357248755","59195","65682","-9.876374044639324","-"
"1150317","11502","1714","和桐","化學工業","1848648","2631806","1609398","-29.75743652837633","14.86580696633151","4480454","3275619","36.78190290140581","-"
"1150317","11502","1717","長興","化學工業","2436388","3889579","3018586","-37.361138570523956","-19.287109924978118","6325967","6343603","-0.27801235354734527","-"
"1150317","11502","1718","中纖","化學工業","3618337","4642034","3620467","-22.052768247712102","-0.05883218932806182","8260371","7561058","9.248877604165978","本月份自結異業別合併營收資訊，未經會計師簽證或核閱。"
"1150317","11502","1720","生達","生技醫療業","466104","614864","557805","-24.19396809701007","-16.439615994836906","1080968","1085262","-0.3956648256365744","-"
"1150317","11502","1721","三晃","化學工業","103657","150415","173672","-31.085995412691553","-40.314500898244965","254072","324455","-21.69268465580743","-"
"1150317","11502","1722","台肥","化學工業","960267","1415330","1025356","-32.15243088184381","-6.347941592968686","2375597","2175790","9.183193230964385","-"
"1150317","11502","1723","中碳","化學工業","414132","335219","628781","23.54073008988154","-34.1373228516765","749351","1227443","-38.950240459231104","-"
"1150317","11502","1725","元禎","化學工業","487626","754802","640053","-35.3968325468136","-23.814746591297908","1242428","1352729","-8.153961362549335","-"
"1150317","11502","1726","永記","化學工業","647835","975160","794045","-33.566286558103286","-18.41331410688311","1622995","1643352","-1.238748606506701","-"
"1150317","11502","1727","中華化","化學工業","169192","118805","169209","42.41151466689112","-0.010046746922445024","287997","300829","-4.26554620731379","-"
"1150317","11502","1730","花仙子","化學工業","164991","309332","164978","-46.662162336906626","0.007879838523924402","474323","480806","-1.3483608773600995","-"
"1150317","11502","1731","美吾華","生技醫療業","127716","187249","123194","-31.79349422426822","3.670633310063802","314965","302975","3.957422229556894","-"
"1150317","11502","1732","毛寶","化學工業","48194","62467","53151","-22.848864200297758","-9.32625914846381","110662","110067","0.5405798286498223","-"
"1150317","11502","1733","五鼎","生技醫療業","178279","200067","202650","-10.890351732169723","-12.026153466567974","378346","372380","1.6021268596594875","-"
"1150317","11502","1734","杏輝","生技醫療業","196311","312756","237539","-37.23189962782489","-17.35630780629707","509067","503878","1.0298127721392878","-"
"1150317","11502","1735","日勝化","化學工業","114072","223004","205365","-48.847554303958674","-44.45402088963553","337076","390408","-13.660580725804799","-"
"1150317","11502","1736","喬山","運動休閒","3608791","3856648","3449249","-6.426746750027485","4.625412662292574","7481240","6805959","9.921908139617061","-"
"1150317","11502","1737","臺鹽","食品工業","214779","277168","241915","-22.50945275067829","-11.2171630531385","491947","569749","-13.655486889840965","-"
"1150317","11502","1752","南光","生技醫療業","156007","211841","195109","-26.35655987273474","-20.041105228359534","367848","390911","-5.899808396284576","-"
"1150317","11502","1760","寶齡富錦","生技醫療業","232671","136792","243538","70.09108719808177","-4.4621373255918995","369463","353612","4.482596744454374","-"
"1150317","11502","1762","中化生","生技醫療業","102881","126909","39377","-18.93325138485056","161.27180841608046","229790","130020","76.73434856175973","客戶訂單需求增加，故當月及本年度累計營收皆較去年同期成長。"
"1150317","11502","1773","勝一","化學工業","902811","1019226","1002007","-11.421902502487182","-9.899731239402518","1922037","1795145","7.068621197730545","-"
"1150317","11502","1776","展宇","化學工業","55652","91183","90977","-38.96669335292763","-38.82849511414973","146835","168150","-12.676181980374665","-"
"1150317","11502","1783","和康生","生技醫療業","47965","72964","39671","-34.26210185845074","20.906959743893523","120929","107282","12.72068007680692","-"
"1150317","11502","1786","科妍","生技醫療業","55099","75396","55060","-26.920526287866732","0.07083181983290955","130495","130099","0.304383584808492","-"
"1150317","11502","1789","神隆","生技醫療業","207454","127007","164197","63.3406032738353","26.34457389599079","334461","371787","-10.039619459529247","-"
"1150317","11502","1795","美時","生技醫療業","2238173","2051959","966712","9.074937657136424","131.5242802406508","4290132","3138057","36.71300425709284","主要係併購取得NAGH後，受惠於其營收挹注所致"
"1150317","11502","1802","台玻","玻璃陶瓷","2437371","3668041","2957754","-33.551151691052524","-17.593856689907273","6105412","6077597","0.45766443546684654","-"
"1150317","11502","1805","寶徠","建材營造","109","115","40839","-5.217391304347826","-99.7330982639144","224","88517","-99.74694126551962","去年累計及當月收入較高，主要係認列松雍案收入所致。"
"1150317","11502","1806","冠軍","玻璃陶瓷","121149","288208","286407","-57.96473380336424","-57.70040536718725","409357","552739","-25.940271990939667","因115年2月適逢農曆除夕及春節，致營業出貨天數減少所致。"
"1150317","11502","1808","潤隆","建材營造","1652480","1537862","1402","7.453074463118277","117765.90584878744","3190342","27689","11422.055689985193","營收變動主要係本年度完工建案已陸續過戶交屋認列房地出售收入所致。"
"1150317","11502","1809","中釉","玻璃陶瓷","170713","231714","168873","-26.32598807150194","1.0895761903915961","402427","352965","14.013287436431375","-"
"1150317","11502","1810","和成","玻璃陶瓷","279541","387491","365156","-27.85871155717165","-23.44614356603753","667032","708403","-5.840037379852993","-"
"1150317","11502","1817","凱撒衛","玻璃陶瓷","128269","255511","158664","-49.799030178739855","-19.15683456864821","383780","360751","6.383627488212091","-"
"1150317","11502","1903","士紙","造紙工業","12133","13121","14463","-7.529913878515357","-16.11007398188481","25254","27221","-7.226038720105801","-"
"1150317","11502","1904","正隆","造紙工業","2588594","3685109","3433187","-29.755293534058286","-24.600844637941364","6273703","6524550","-3.8446636166478916","-"
"1150317","11502","1905","華紙","造紙工業","1010573","1546477","1568240","-34.65321501710016","-35.56005458348212","2557050","3068008","-16.65438942792848","-"
"1150317","11502","1906","寶隆","造紙工業","184616","281670","352666","-34.45663364930593","-47.65131881156675","466286","570657","-18.289620560161357","-"
"1150317","11502","1907","永豐餘","造紙工業","4422516","6510201","5572116","-32.06790389421156","-20.631300568760594","10932717","11382121","-3.948332652587334","-"
"1150317","11502","1909","榮成","造紙工業","2457466","4156889","3195729","-40.88208754190935","-23.101552102822236","6614355","6172887","7.151726574615735","-"
"1150317","11502","2002","中鋼","鋼鐵工業","24520577","26018929","28161939","-5.758699752783829","-12.930082690684047","50539506","53873832","-6.189138355704863","-"
"1150317","11502","2006","東和鋼鐵","鋼鐵工業","3280507","4972205","4729426","-34.02309438166769","-30.636254801322615","8252712","9136028","-9.668490508128915","-"
"1150317","11502","2007","燁興","鋼鐵工業","270393","410731","537701","-34.167861690498164","-49.71313053165235","681125","1081332","-37.01055734963915","-"
"1150317","11502","2008","高興昌","鋼鐵工業","100397","120244","157095","-16.505605269285784","-36.09153696807664","220642","273184","-19.233190816446058","-"
"1150317","11502","2009","第一銅","鋼鐵工業","267118","260698","188256","2.4626195828122963","41.89082950875404","527816","354565","48.86297293867133","-"
"1150317","11502","2010","春源","鋼鐵工業","1937614","2114171","1917016","-8.351122023715206","1.0744824247684943","4051785","3539728","14.465998517400207","-"
"1150317","11502","2012","春雨","鋼鐵工業","506384","682533","655361","-25.808129423778777","-22.732051495282754","1188917","1407713","-15.542656777340268","-"
"1150317","11502","2013","中鋼構","鋼鐵工業","1441381","1701950","1599334","-15.310026734040365","-9.87617345720156","3143331","3458509","-9.113117820424929","-"
"1150317","11502","2014","中鴻","鋼鐵工業","1399718","1433391","1853010","-2.3491845560632094","-24.46246917177997","2833109","3526403","-19.660089898970707","-"
"1150317","11502","2015","豐興","鋼鐵工業","1388627","2369594","2389895","-41.39810448540974","-41.89589919222393","3758221","4511956","-16.70528258697558","-"
"1150317","11502","2017","官田鋼","鋼鐵工業","216832","230229","223441","-5.818988919727749","-2.957827793466732","447061","463574","-3.5621065892392583","-"
"1150317","11502","2020","美亞","鋼鐵工業","231956","434879","356593","-46.66194504678313","-34.9521723645725","666815","667395","-0.08690505622607302","-"
"1150317","11502","2022","聚亨","鋼鐵工業","1064207","1163764","720702","-8.554741339309345","47.66255678491249","2227971","1379524","61.502880703778985","主要係因泰國鋼鐵內需市場回溫及地震影響對有認證之鋼筋需求增加，又受匯率變動影響，致合併營收增長"
"1150317","11502","2023","燁輝","鋼鐵工業","4381951","5754233","5639906","-23.848217477463983","-22.30453840897348","10136183","11795182","-14.06505639336468","-"
"1150317","11502","2024","志聯","鋼鐵工業","51883","85276","87335","-39.15873164782588","-40.59311845193794","137159","159684","-14.105984319030084","-"
"1150317","11502","2025","千興","鋼鐵工業","51210","165395","61032","-69.0377580942592","-16.093197011403852","216605","121355","78.488731407853","本年累計營收較去年增加，係受鎳價上漲等因素影響，帶動不銹鋼價調漲，客戶需求增加，使接單量亦增加。"
"1150317","11502","2027","大成鋼","鋼鐵工業","9975843","9864568","8778777","1.1280270965743253","13.635908509807232","19840411","17003187","16.686424727317295","-"
"1150317","11502","2028","威致","鋼鐵工業","484047","869110","749269","-44.30543889726272","-35.397434032370214","1353157","1338125","1.1233629145259225","-"
"1150317","11502","2029","盛餘","鋼鐵工業","832620","1031413","1350602","-19.27385053320057","-38.35193491494904","1864033","2454774","-24.0649852084143","-"
"1150317","11502","2030","彰源","鋼鐵工業","763494","890128","806261","-14.226493268383873","-5.304361738940616","1653622","1658383","-0.2870868792070348","-"
"1150317","11502","2031","新光鋼","鋼鐵工業","1208738","1594037","1968406","-24.17127080488094","-38.59305448164657","2802775","3260458","-14.037383704988686","-"
"1150317","11502","2032","新鋼","鋼鐵工業","191792","286737","270577","-33.11222479135933","-29.117404657454255","478529","475000","0.7429473684210526","-"
"1150317","11502","2033","佳大","鋼鐵工業","37297","70549","63198","-47.13319820266765","-40.98389189531314","107846","124828","-13.604319543692121","-"
"1150317","11502","2034","允強","鋼鐵工業","759842","959841","1297061","-20.83668024183172","-41.418175398073025","1719683","2520407","-31.769630857238532","-"
"1150317","11502","2038","海光","鋼鐵工業","372092","785722","845083","-52.64330132031431","-55.96976864994326","1157814","1645819","-29.65119493698882","因受土方影響又適逢春節休假，致出貨量減少"
"1150317","11502","2049","上銀","電機機械","1872071","2150023","1930542","-12.927861701944584","-3.028734935577677","4022094","3830883","4.99130357152646","-"
"1150317","11502","2059","川湖","電子零組件業","1756868","1774956","1339536","-1.0190675149130457","31.154967093082977","3531824","2572975","37.26616076720528","-"
"1150317","11502","2062","橋椿","居家生活","384177","571040","497088","-32.72327682824321","-22.71448918501352","955216","962868","-0.7947091397782459","-"
"1150317","11502","2069","運錩","鋼鐵工業","703110","718703","773718","-2.1696027427184803","-9.125805526044372","1421813","1663555","-14.53165059165462","-"
"1150317","11502","2101","南港","橡膠工業","504480","613518","659581","-17.772583689476104","-23.515080028078433","1117998","1268532","-11.866787751511195","本公告係屬自結數，如與公告財報有所差異請以財報為準。"
"1150317","11502","2102","泰豐","橡膠工業","10671","16209","29506","-34.16620396076254","-63.834474344201176","26880","46941","-42.73662682942417","因2月適逢年假,工作天數少影響"
"1150317","11502","2103","台橡","橡膠工業","2798906","3699511","3381572","-24.343893017212274","-17.23062528315233","6498417","6697230","-2.968585519685004","-"
"1150317","11502","2104","國際中橡","橡膠工業","1137024","1385530","1476177","-17.935807957965544","-22.97509038550255","2522554","3053898","-17.39887841702637","以上營收不包含停業部門營收:115年02月0仟元暨114年02月0仟元；115年1~2月0仟元暨114年1~2月71仟元。"
"1150317","11502","2105","正新","橡膠工業","6088776","7989133","7335713","-23.786773858940638","-16.998170457322964","14077909","14430123","-2.4408246554793744","無。"
"1150317","11502","2106","建大","橡膠工業","2352365","2858464","2666675","-17.70527807941608","-11.786588166911978","5210829","5580683","-6.627396682449084","-"
"1150317","11502","2107","厚生","橡膠工業","98123","101448","186064","-3.277541203375128","-47.263844698598334","199571","269453","-25.934764133262572","-"
"1150317","11502","2108","南帝","橡膠工業","744947","869413","743547","-14.316096032610508","0.1882866853070485","1614360","1478729","9.172133636386382","-"
"1150317","11502","2109","華豐","橡膠工業","334942","390915","414677","-14.318457976798026","-19.22821858940814","725857","816372","-11.087469927925014","-"
"1150317","11502","2114","鑫永銓","橡膠工業","105904","142035","120847","-25.43809624388355","-12.365222140392397","247939","224093","10.641117750219776","-"
"1150317","11502","2115","六暉-KY","汽車工業","203492","306705","235072","-33.65220651766355","-13.434181867683092","510197","513653","-0.67282776504761","-"
"1150317","11502","2201","裕隆","汽車工業","5264242","5808605","5460715","-9.371664969472016","-3.5979354351948416","11072847","11474848","-3.5033230941272597","-"
"1150317","11502","2204","中華","汽車工業","2321718","3911063","2241297","-40.6371618150871","3.5881456139012364","6232781","4893064","27.37991982119997","-"
"1150317","11502","2206","三陽工業","汽車工業","4087010","5353865","4579292","-23.662438257221652","-10.750177101613088","9440875","9186095","2.773539790302626","-"
"1150317","11502","2207","和泰車","汽車工業","18783368","27711296","22197405","-32.217648716249144","-15.380342882422518","46494664","48184064","-3.5061384610480344","-"
"1150317","11502","2208","台船","航運業","1168545","2254682","841054","-48.17251390661743","38.93816568258399","3423227","2130496","60.67746665565202","累計營收變動主係造船業務營收增加所致。"
"1150317","11502","2211","長榮鋼","鋼鐵工業","995067","1003035","1439557","-0.7943890292960863","-30.876860034024357","1998102","2729845","-26.805294806115366","-"
"1150317","11502","2227","裕日車","汽車工業","683376","1287027","1156938","-46.902745630045054","-40.93235765442919","1970403","3084258","-36.11419667226283","-"
"1150317","11502","2228","劍麟","汽車工業","355847","421499","375813","-15.57583766509529","-5.312748627641939","777346","828197","-6.1399642838599995","營業收入係以合併營業收入申報"
"1150317","11502","2231","為升","汽車工業","197596","317693","237095","-37.80284740299597","-16.659566840296083","515289","547139","-5.821189862173963","-"
"1150317","11502","2233","宇隆","汽車工業","238156","272103","303527","-12.475790417599217","-21.537128492687636","510259","584318","-12.674434126622833","-"
"1150317","11502","2236","百達-KY","汽車工業","809368","962046","818145","-15.870135107884654","-1.0727927201168497","1771414","1731868","2.2834303769109425","-"
"1150317","11502","2239","英利-KY","汽車工業","1360014","1568263","1404151","-13.278958950125075","-3.1433229047303315","2928277","3198888","-8.45953343786966","-"
"1150317","11502","2241","艾姆勒","汽車工業","77505","70462","53274","9.995458545031365","45.48372564477982","147967","108691","36.13546659797039","-"
"1150317","11502","2243","宏旭-KY","汽車工業","272452","138006","32459","97.42040201150675","739.3727471579531","410458","102314","301.1748147858553","本月認列合約收入金額較去年同期大幅增加"
"1150317","11502","2247","汎德永業","汽車工業","1958148","4144337","3661530","-52.75123620497078","-46.52104448140531","6102485","8945841","-31.78411062749718","-"
"1150317","11502","2248","華勝-KY","汽車工業","143802","193806","133960","-25.80105879074951","7.346969244550612","337608","299932","12.561513943160449","-"
"1150317","11502","2250","IKKA-KY","汽車工業","236071","291416","284347","-18.991750624536746","-16.977847489159373","527487","569833","-7.4313000475577935","-"
"1150317","11502","2254","巨鎧精密-創","汽車工業","5637","11177","62499","-49.56607318600698","-90.98065569049105","16814","121189","-86.12580349701706","本&#12105;營收較去年同期營收減少，係因客&#12094;訂單減少所致。"
"1150317","11502","2258","鴻華先進-創","汽車工業","392347","10959","560437","3480.135048818323","-29.99266643708392","403306","1268914","-68.21644335234697","本年乘用車較去年下滑，電動巴士較去年上升。"
"1150317","11502","2301","光寶科","電腦及週邊設備業","12812239","14112349","10916888","-9.212569785511965","17.36164188915376","26924588","23064249","16.737327974563577","-"
"1150317","11502","2302","麗正","半導體業","70713","73600","50907","-3.922554347826087","38.90624079203253","144313","124969","15.479038801622803","-"
"1150317","11502","2303","聯電","半導體業","19345126","20862150","18193515","-7.271657043976771","6.329788388884721","40207276","38000310","5.807757884080419","-"
"1150317","11502","2305","全友","電腦及週邊設備業","81417","76045","60685","7.06423827996581","34.16330229875587","157462","114402","37.63920211185119","-"
"1150317","11502","2308","台達電","電子零組件業","49897441","49675223","38089875","0.44734172607539174","30.999224859624768","99572664","75475407","31.92729652984846","-"
"1150317","11502","2312","金寶","其他電子業","10752396","13061207","13337482","-17.67685788916752","-19.38211425514951","23813603","28361584","-16.03570872487235","-"
"1150317","11502","2313","華通","電子零組件業","5201115","7403728","5200813","-29.750052946299487","0.005806784439279013","12604843","10481639","20.25641218897159","-"
"1150317","11502","2314","台揚","通信網路業","76852","148015","74543","-48.07823531398845","3.097541016594449","224869","168180","33.70733737662029","-"
"1150317","11502","2316","楠梓電","電子零組件業","239154","378907","249961","-36.883192973473705","-4.323474462016074","618061","526243","17.447833035308783","-"
"1150317","11502","2317","鴻海","其他電子業","595813348","730039420","551382882","-18.386140299108778","8.058006051772931","1325852767","1090048641","21.632440712340653","-"
"1150317","11502","2321","東訊","通信網路業","47043","52188","56986","-9.85858818119108","-17.448145158459972","99230","109575","-9.44102213096053","-"
"1150317","11502","2323","中環","光電業","661384","753383","584602","-12.211451545893656","13.134063858830451","1414767","1174098","20.498203727457163","無"
"1150317","11502","2324","仁寶","電腦及週邊設備業","52739920","59365885","67541242","-11.161233425560825","-21.91449485042043","112105805","122871342","-8.761633774619309","無"
"1150317","11502","2327","國巨*","電子零組件業","11505323","13030129","9752950","-11.702155826699798","17.967620053419733","24535452","20002421","22.662411715061893","-"
"1150317","11502","2328","廣宇","電子零組件業","1185041","1539577","1804241","-23.028143444595496","-34.31914029223369","2724618","3606286","-24.448088698455972","-"
"1150317","11502","2329","華泰","半導體業","1417474","1678535","1263238","-15.552907743955295","12.209575709407096","3096009","2474904","25.096124940603758","-"
"1150317","11502","2330","台積電","半導體業","317656613","401255128","260008796","-20.834254609202155","22.171487229224354","718911741","553296834","29.932379298595443","-"
"1150317","11502","2331","精英","電腦及週邊設備業","1436346","1751101","860263","-17.974691351326964","66.96591623724373","3187447","2166915","47.09607898786985","本月較去年同期營收增加係因客戶需求增加。"
"1150317","11502","2332","友訊","通信網路業","1112370","1113806","1127770","-0.12892729972724154","-1.3655266588045434","2226176","2181632","2.0417742314010794","-"
"1150317","11502","2337","旺宏","半導體業","3029953","3017005","1893959","0.4291673364810466","59.97986228846559","6046959","3886617","55.584123673621555","受市場需求復甦影響。"
"1150317","11502","2338","光罩","半導體業","459445","536652","537355","-14.386790694900979","-14.498795023773855","996097","1082545","-7.985626463565025","-"
"1150317","11502","2340","台亞","半導體業","286488","318333","294620","-10.003675396518739","-2.760165637091847","604821","577601","4.712595719190237","-"
"1150317","11502","2342","茂矽","半導體業","155329","165943","183337","-6.39617217960384","-15.276785373383442","321272","365939","-12.206132716108423","-"
"1150317","11502","2344","華邦電","半導體業","11973254","11778411","6353503","1.6542384197664695","88.45122131838137","23751665","12419815","91.24008690950711","受市場供需影響。"
"1150317","11502","2345","智邦","通信網路業","23582573","21527345","12908017","9.547057475039304","82.697102118784","45109918","25433256","77.3658787533928","客戶需求增加"
"1150317","11502","2347","聯強","電子通路業","29717095","40697947","28093892","-26.98134134382749","5.777779027555171","70334661","57303690","22.74019526491226","本月營收係當月自結數，前期調整數反應在本年累計營收內"
"1150317","11502","2348","海悅","其他","775057","185799","228114","317.14810090474117","239.76739700325277","960856","725084","32.516508432126486","本月增減百分比達50％以上，係因本期認列出售學府段土地及建物收入(已於114/9/30取處公告)。"
"1150317","11502","2349","錸德","光電業","367355","556800","472907","-34.02388649425287","-22.31982186772452","924155","939097","-1.5911029425075365","-"
"1150317","11502","2351","順德","半導體業","814818","942907","800874","-13.584478638932577","1.7410978505982215","1757725","1591763","10.426300900322472","-"
"1150317","11502","2352","佳世達","電腦及週邊設備業","14393921","17639088","15534131","-18.39758948988746","-7.3400308005642545","32033009","32072265","-0.12239858956016983","-"
"1150317","11502","2353","宏碁","電腦及週邊設備業","21457846","21077067","17073056","1.806603357098974","25.68251401506561","42534913","32146441","32.316087494724535","-"
"1150317","11502","2354","鴻準","其他電子業","7202241","13391202","9418841","-46.216620434819816","-23.53368105481343","20593443","17921904","14.906557919292505","-"
"1150317","11502","2355","敬鵬","電子零組件業","1209246","1414441","1271501","-14.507144518576597","-4.896181756836998","2623687","2506910","4.658204722147983","-"
"1150317","11502","2356","英業達","電腦及週邊設備業","50934220","61812811","51670733","-17.5992497736432","-1.4253968489279996","112747031","97512395","15.623281532568244","-"
"1150317","11502","2357","華碩","電腦及週邊設備業","54353831","67935513","45631241","-19.992020962585503","19.115390703487552","122289344","83378783","46.667221084289515","-"
"1150317","11502","2359","所羅門","其他電子業","241890","362450","393222","-33.262518968133534","-38.485130536948596","604340","714940","-15.469829636053374","-"
"1150317","11502","2360","致茂","其他電子業","3667138","3826300","1971143","-4.159684290306562","86.04119538765072","7493438","4194402","78.65330981627417","營運穩健成長，訂單能見度高"
"1150317","11502","2362","藍天","電腦及週邊設備業","1420081","1855134","1192934","-23.451297857728875","19.04103663739989","3275215","2539810","28.955118689980747","-"
"1150317","11502","2363","矽統","半導體業","371804","424573","119575","-12.42872250472828","210.9379050804934","796377","275907","188.63965031695463","季節性影響"
"1150317","11502","2364","倫飛","電腦及週邊設備業","90911","117883","92150","-22.88031353121315","-1.3445469343461747","208794","229477","-9.013103709739974","-"
"1150317","11502","2365","昆盈","電腦及週邊設備業","66326","73183","65989","-9.369662353278766","0.5106911758020276","139509","132984","4.906605305901462","-"
"1150317","11502","2367","燿華","電子零組件業","1178139","1409727","1456751","-16.42786156468593","-19.12557465208536","2587866","2792415","-7.325164776725522","-"
"1150317","11502","2368","金像電","電子零組件業","5941712","6015659","3860588","-1.229241883557562","53.906917806303085","11957370","7429780","60.938412712085686","接單量增加"
"1150317","11502","2369","菱生","半導體業","499274","594362","396033","-15.998330983474718","26.06878719702651","1093636","763225","43.291427822725936","-"
"1150317","11502","2371","大同","電機機械","2982824","4244071","3041720","-29.71785816024284","-1.936272898228634","7226895","6600407","9.491657105387592","-"
"1150317","11502","2373","震旦行","其他電子業","653258","1032093","768918","-36.70551006546891","-15.04191604306311","1685351","1711035","-1.5010797558203075","-"
"1150317","11502","2374","佳能","光電業","663773","1073456","502020","-38.16486190398116","32.220429464961555","1737229","1014399","71.25697087635142","今年較去年累計成長71.26%，主係影像視覺產品、光學相關模組及因客戶專案出貨轉趨穩健。"
"1150317","11502","2375","凱美","電子零組件業","406786","539300","385616","-24.57148155015761","5.489917430812","946086","813314","16.32481427837219","-"
"1150317","11502","2376","技嘉","電腦及週邊設備業","32908194","33118551","22326218","-0.6351636579752538","47.39708265860344","66026745","43417779","52.07305974817367","AI訂單需求暢旺"
"1150317","11502","2377","微星","電腦及週邊設備業","16140711","22271797","16622598","-27.528474689312226","-2.8989872702209367","38412508","33276965","15.432726512168403","-"
"1150317","11502","2379","瑞昱","半導體業","10482135","13577638","11321090","-22.798538302464685","-7.410549690886655","24059773","23189792","3.7515687937175115","無"
"1150317","11502","2380","虹光","電腦及週邊設備業","167469","197872","166298","-15.364983423627395","0.7041575966036874","365341","321130","13.76732164543954","-"
"1150317","11502","2382","廣達","電腦及週邊設備業","215583149","230834858","150564741","-6.607194915076474","43.18302383955883","446418007","293125188","52.29602411376534","產品組合變更"
"1150317","11502","2383","台光電","電子零組件業","10193772","10862602","7029925","-6.157180388271613","45.00541613175105","21056375","14016146","50.22942112617834","受惠於AI伺服器成長力道"
"1150317","11502","2385","群光","電子零組件業","6373159","7695028","7290311","-17.178222093538842","-12.580423523770111","14068188","14807819","-4.994867914039197","-"
"1150317","11502","2387","精元","電腦及週邊設備業","1019898","1638894","1515223","-37.76912966915493","-32.68990769015518","2658792","3153862","-15.6972625942416","-"
"1150317","11502","2388","威盛","半導體業","596423","410053","619721","45.45022228833834","-3.759433680640159","1006476","1386220","-27.394208711459942","-"
"1150317","11502","2390","云辰","其他電子業","44789","52619","73298","-14.880556452992264","-38.894649240088405","97408","125160","-22.17321828060083","-"
"1150317","11502","2392","正崴","電子零組件業","5046941","7222249","6385852","-30.11953755679152","-20.966834182815386","12269190","15289536","-19.754333944470257","-"
"1150317","11502","2393","億光","光電業","1518082","1804437","1599809","-15.86949281133118","-5.1085473328378574","3322519","3212896","3.4119685168769855","-"
"1150317","11502","2395","研華","電腦及週邊設備業","5626769","7059527","5294935","-20.295382396016052","6.2670079991539085","12686296","11027876","15.038435325170504","-"
"1150317","11502","2397","友通","電腦及週邊設備業","793317","1093921","768138","-27.479498062474345","3.2779266225600088","1887238","1670920","12.946041701577574","-"
"1150317","11502","2399","映泰","電腦及週邊設備業","160344","142030","156338","12.894458917130184","2.562396858089524","302374","329619","-8.265603621150479","-"
"1150317","11502","2401","凌陽","半導體業","465473","549086","501629","-15.227669253996641","-7.20771725717612","1014559","948815","6.929064148437789","-"
"1150317","11502","2402","毅嘉","電子零組件業","829047","973685","749482","-14.854701469160972","10.615998783159569","1802733","1543443","16.799454207249635","-"
"1150317","11502","2404","漢唐","其他電子業","6570709","6025154","3890231","9.054623334108971","68.90279780300965","12595863","7682249","63.96061882399282","營收較去年同期增加50%以上,係因本月正在投入進行的專案較去年同期增加所致。"
"1150317","11502","2405","輔信","電腦及週邊設備業","118333","135492","149221","-12.66421633749594","-20.699499400218468","253825","267589","-5.143709195818961","-"
"1150317","11502","2406","國碩","光電業","810936","919350","312179","-11.792462065589818","159.76635199677108","1730286","630683","174.35113995462063","主要係因子公司太陽能導電漿產品、AI伺服器液冷管接件及其零組件之加工與測試服務銷量增加所致。"
"1150317","11502","2408","南亞科","半導體業","15607184","15309988","2272734","1.9411902870204731","586.7140633263725","30917172","4435107","597.1009267645628","受市場需求復甦影響。"
"1150317","11502","2409","友達","光電業","20505355","22505270","24605664","-8.886429711796392","-16.66408596004562","43010625","46248953","-7.001948779251284","-"
"1150317","11502","2412","中華電","通信網路業","18786334","20413606","18287078","-7.971506846952959","2.730102644063748","39199940","36479815","7.456520818430685","-"
"1150317","11502","2413","環科","電子零組件業","208979","304533","274309","-31.37722348645303","-23.81620726990365","513513","545827","-5.920190829695123","-"
"1150317","11502","2414","精技","電子通路業","1891700","2986876","2152613","-36.66626937308412","-12.120757423652092","4878576","4090803","19.257172736012954","-"
"1150317","11502","2415","錩新","電子零組件業","184718","226930","142664","-18.60133080685674","29.47765378792127","411648","338084","21.75908945705801","-"
"1150317","11502","2417","圓剛","電腦及週邊設備業","252057","247359","230172","1.8992638230264514","9.508106980866483","499416","468805","6.529580529217905","-"
"1150317","11502","2419","仲琦","通信網路業","502331","565163","539807","-11.117500614866861","-6.942481294240348","1067494","1245490","-14.291242804036965","-"
"1150317","11502","2420","新巨","電子零組件業","153869","190360","173127","-19.169468375709183","-11.123626008652607","344229","346697","-0.7118607891040303","-"
"1150317","11502","2421","建準","電子零組件業","1323313","1778438","1293119","-25.59127728939665","2.334974584705661","3101751","2596169","19.474155958260035","-"
"1150317","11502","2423","固緯","其他電子業","220782","231157","208172","-4.4882915075035585","6.057490920969198","451939","365780","23.554869046968122","-"
"1150317","11502","2424","隴華","通信網路業","12198","8682","6417","40.49758120248791","90.0888265544647","20880","12068","73.0195558501823","本月增加因本月銷售監控系統軟硬體增加。本年增加因銷售監控系統軟硬體增加。"
"1150317","11502","2425","承啟","電腦及週邊設備業","932779","627220","436869","48.71639934951054","113.51457759648774","1559999","872662","78.76325541847817","本月及本年營業收入較去年同期增加，主係本期子公司相關產品需求增加所致。"
"1150317","11502","2426","鼎元","光電業","163166","197221","191468","-17.267430953093232","-14.781582300958908","360387","389658","-7.511972037017077","-"
"1150317","11502","2427","三商電","資訊服務業","162550","1487888","238787","-89.07511855731076","-31.926779933580974","1650438","560153","194.64057141530975","本年累計營收較去年累計營收增加百分比194.64，主係:今年度1月份有大型專案驗收所致。"
"1150317","11502","2428","興勤","電子零組件業","451215","804324","521049","-43.90133826666865","-13.402578260393936","1255539","1177920","6.5894967400163","-"
"1150317","11502","2429","銘旺科","光電業","14773","48380","32439","-69.46465481603968","-54.45913869108172","63153","82816","-23.74299652241113","115年2月適逄農曆春節期間,工作天數較少致營收較低"
"1150317","11502","2430","燦坤","電子通路業","1343973","1613958","1311989","-16.728130471796664","2.437825317132994","2957931","3029200","-2.352733394955764","-"
"1150317","11502","2431","聯昌","電子零組件業","14957","25303","43511","-40.88843220171521","-65.62478453724346","40260","64353","-37.43881404130344","主要係因工作天數較少及大陸工廠年節缺工所致，部分出貨時程順延至次月認列，整體訂單需求仍維持穩定。"
"1150317","11502","2432","倚天酷碁-創","電腦及週邊設備業","256381","273965","203389","-6.418338108882521","26.054506389234422","530346","430211","23.275787927319385","-"
"1150317","11502","2433","互盛電","其他電子業","214589","238122","218942","-9.882749178992281","-1.9881977875419061","452711","449699","0.6697813426314045","-"
"1150317","11502","2434","統懋","半導體業","2080","4357","2922","-52.26072985999541","-28.815879534565365","6437","5640","14.131205673758865","-"
"1150317","11502","2436","偉詮電","半導體業","281734","414463","257850","-32.02433027797415","9.26274966065542","696197","515902","34.94752879422836","-"
"1150317","11502","2438","翔耀","光電業","35782","85949","29884","-58.368334710118795","19.736313746486413","121731","52432","132.16928593225512","因國軍服裝供售案營運實質改變，自115年起營收認列方式由代採購淨額利潤認列營收改為實質買賣銷售認列營收，因此較去年同期增加"
"1150317","11502","2439","美律","通信網路業","3144240","3921486","2721996","-19.820190611416184","15.512293184854055","7065726","5709311","23.757945573467623","-"
"1150317","11502","2440","太空梭","電子零組件業","162521","398998","283216","-59.267715627647256","-42.615883283430314","561519","518565","8.283243180700588","-"
"1150317","11502","2441","超豐","半導體業","1471456","1601842","1236507","-8.13975410808307","19.00102466059634","3073298","2453235","25.27532013851099","-"
"1150317","11502","2442","新美齊","建材營造","1456084","86137","14581","1590.428039054065","9886.173787806048","1542221","219894","601.3474674161187","本年累計營收較去年同期增加，主係本期營建專案交屋認列收入增加所致。"
"1150317","11502","2444","兆勁","通信網路業","53192","77573","96822","-31.42975004189602","-45.062072669434635","130765","194290","-32.69596994183952","-"
"1150317","11502","2449","京元電子","半導體業","3224527","3369542","2286169","-4.303700621627509","41.04499711088725","6594069","4671115","41.166916250188656","以上營收不含停業部門營收:115年2月0仟元暨114年2月0仟元;115年1~2月0仟元暨114年1~2月985,800仟元"
"1150317","11502","2450","神腦","通信網路業","2353972","3068751","2735010","-23.292179782589074","-13.931868622052571","5422723","5068809","6.982192463752333","-"
"1150317","11502","2451","創見","半導體業","3184337","4760314","919591","-33.10657658297331","246.27752990188029","7944651","1800137","341.3359094335598","本月營收較去年同期增加主係市場價格上漲所致"
"1150317","11502","2453","凌群","資訊服務業","517079","460845","493958","12.202367390337315","4.680762332020131","977924","917982","6.529757664093632","-"
"1150317","11502","2454","聯發科","半導體業","38954271","46977055","46171723","-17.078090569960164","-15.631757991790776","85931326","97316011","-11.698676181866928","海外子公司之營收係以當月平均匯率換算之"
"1150317","11502","2455","全新","通信網路業","307741","340323","265548","-9.573846022748977","15.88902947866299","648064","526820","23.014312288827302","-"
"1150317","11502","2457","飛宏","電子零組件業","600643","717077","631788","-16.23730784839006","-4.929659949223474","1317720","1373908","-4.089647924024025","-"
"1150317","11502","2458","義隆","半導體業","933925","1067800","1054451","-12.537460198539053","-11.430213447566553","2001725","2097558","-4.568789039444916","-"
"1150317","11502","2459","敦吉","其他電子業","325823","486229","351658","-32.989805215238086","-7.346626551933982","812052","757962","7.1362416585528035","-"
"1150317","11502","2460","建通","電子零組件業","229097","421422","200224","-45.637152308137686","14.420349208886048","650519","376883","72.60502596296463","係因端子產品訂單穩定回流及特殊新型銅材業務量持續增量。"
"1150317","11502","2461","光群雷","其他電子業","371713","569696","395964","-34.752394259394485","-6.124546675960441","941409","850170","10.731853629274145","-"
"1150317","11502","2462","良得電","電子零組件業","263308","358530","275742","-26.559004825258697","-4.509287667457261","621838","579058","7.38786097420293","-"
"1150317","11502","2464","盟立","其他電子業","622627","590224","577653","5.489949578465125","7.785642937888317","1212851","1124940","7.81472789659893","-"
"1150317","11502","2465","麗臺","電腦及週邊設備業","477648","466630","210023","2.361185521719564","127.42651995257663","944278","479132","97.08097142332385","本月及本年累計營收較去年本月及去年累計同期分別增加127.43%及97.08%，主係受惠於台灣市場之人工智能應用相關產品需求所致。"
"1150317","11502","2466","冠西電","光電業","34709","66503","50314","-47.80836954723847","-31.015224390825615","101213","93346","8.4277848006342","-"
"1150317","11502","2467","志聖","電子零組件業","374357","993660","362558","-62.32544331058914","3.254375851587884","1368017","805953","69.7390542624694","係因客戶需求提升，以致115年累計營收成長率較去年同期增加69.74%。"
"1150317","11502","2468","華經","資訊服務業","162895","246032","236946","-33.791132860766076","-31.25226844935133","408927","523266","-21.851027966655582","-"
"1150317","11502","2471","資通","資訊服務業","84374","71360","65406","18.237107623318387","29.000397517047364","155735","129554","20.20856168084351","-"
"1150317","11502","2472","立隆電","電子零組件業","810013","1017318","806150","-20.377600710888828","0.47919121751535076","1827331","1673337","9.202808519742288","-"
"1150317","11502","2474","可成","其他電子業","1090816","1482556","1384150","-26.423285191250788","-21.192356319763032","2573372","2753700","-6.548571013545412","-"
"1150317","11502","2476","鉅祥","電子零組件業","589610","737444","519348","-20.046810334072823","13.528886218874435","1327054","1054496","25.8472293873092","-"
"1150317","11502","2477","美隆電","其他電子業","123961","227125","100373","-45.42168409466153","23.500343717932115","351086","321217","9.2986983876943","-"
"1150317","11502","2478","大毅","電子零組件業","350845","503094","439727","-30.26253543075449","-20.21299579057006","853939","804358","6.1640463574676945","-"
"1150317","11502","2480","敦陽科","資訊服務業","744676","948427","670666","-21.4830450841235","11.035299239860079","1693103","1392866","21.555339853223497","-"
"1150317","11502","2481","強茂","半導體業","935613","1243266","944895","-24.745549222772922","-0.9823313701522391","2178879","2028978","7.38800519276207","-"
"1150317","11502","2482","連宇","其他電子業","35042","40124","35401","-12.665736217725053","-1.014095647015621","75166","66189","13.56267657767907","-"
"1150317","11502","2483","百容","電子零組件業","125104","180422","136718","-30.66034075667047","-8.494858028935473","305526","272357","12.178501011540002","-"
"1150317","11502","2484","希華","電子零組件業","146905","211003","179267","-30.377767140751555","-18.052402282628705","357908","388140","-7.788942134281445","-"
"1150317","11502","2485","兆赫","通信網路業","252446","380111","136561","-33.5862419135463","84.85951333103888","632557","281252","124.9075562129336","因客戶端產品驗證通過，正式進入量產與備貨階段，帶動出貨量顯著提升，致使本月營收較去年同期大幅成長。"
"1150317","11502","2486","一詮","光電業","446988","558578","422741","-19.977514331033447","5.7356632074958425","1005566","836703","20.181952257850156","-"
"1150317","11502","2488","漢平","其他電子業","161774","229505","161692","-29.51177534258513","0.05071370259505727","391279","335691","16.55927623916042","-"
"1150317","11502","2489","瑞軒","光電業","1635699","1830450","1529174","-10.63951487339179","6.9661791267704","3466149","3203208","8.208677051256116","-"
"1150317","11502","2491","吉祥全","光電業","9148","13080","15838","-30.061162079510705","-42.240181841141556","22228","28480","-21.952247191011235","-"
"1150317","11502","2492","華新科","電子零組件業","2673730","3485568","2777229","-23.291411901876536","-3.7267002469007777","6159298","5672087","8.589624947572208","-"
"1150317","11502","2493","揚博","電子零組件業","312630","318405","308765","-1.813727799500636","1.2517610480462487","631035","599795","5.208446219124868","-"
"1150317","11502","2495","普安","電腦及週邊設備業","97887","125674","91709","-22.110380826583064","6.736525313764189","223561","182997","22.166483603556344","-"
"1150317","11502","2496","卓越","其他","68853","65589","63726","4.976444220829713","8.045381790791827","134442","128328","4.764353843276604","-"
"1150317","11502","2497","怡利電","汽車工業","362420","384699","314663","-5.791280975515923","15.177189564708911","747119","729361","2.4347339657590688","-"
"1150317","11502","2498","宏達電","通信網路業","158128","160806","183706","-1.6653607452458241","-13.923334022840843","318934","344443","-7.405869766550634","-"
"1150317","11502","2501","國建","建材營造","3430775","3195793","1168842","7.352854205513311","193.51914116706962","6626568","3980445","66.47806966306531","本月交屋入帳增加"
"1150317","11502","2504","國產","建材營造","1275378","1929081","1433091","-33.8867574767467","-11.005093186685285","3204459","3324067","-3.598242755034721","-"
"1150317","11502","2505","國揚","建材營造","6995","-425","860","1745.8823529411766","713.3720930232558","6570","1545","325.24271844660194","本年度營建收入5,419仟元，租賃收入1,151仟元。"
"1150317","11502","2506","太設","建材營造","66162","65399","171817","1.1666845058792947","-61.49275100834027","131562","248362","-47.02812829659932","本期及本月交屋較去年同期少"
"1150317","11502","2509","全坤建","建材營造","22838","20363","23061","12.154397682070423","-0.9670005637223017","43201","45534","-5.123643870514341","-"
"1150317","11502","2511","太子","建材營造","604285","455975","576431","32.525906025549645","4.83214816690983","1060260","1127577","-5.970057920656417","-"
"1150317","11502","2514","龍邦","其他","1841600","1920482","1466965","-4.107406369859233","25.538100772683737","3762082","3089677","21.762954509484324","-"
"1150317","11502","2515","中工","建材營造","1536052","3515310","1760173","-56.303939055161564","-12.732896141458822","5051362","3664023","37.86381799459228","-"
"1150317","11502","2516","新建","建材營造","515010","558398","834448","-7.770085136408082","-38.281354859739615","1073408","1488773","-27.899820859190758","-"
"1150317","11502","2520","冠德","建材營造","1437349","1896875","1320199","-24.225423393739703","8.873662228194386","3334223","3314718","0.5884361806947077","-"
"1150317","11502","2524","京城","建材營造","149498","314159","780097","-52.41326844050306","-80.83597296233674","463657","1328688","-65.10414785111328","因銷售狀況比較去年同期減少，致使本月及累計營收負成長率為較高。"
"1150317","11502","2527","宏璟","建材營造","29988","32299","31357","-7.155020279265612","-4.365851325062985","62287","63163","-1.3868878932286306","-"
"1150317","11502","2528","皇普","建材營造","143","9952","266572","-98.56310289389067","-99.94635595636451","10095","652531","-98.45294706305141","係115年2月認列租賃收入143仟元所致。"
"1150317","11502","2530","華建","建材營造","836","35222","40805","-97.6264834478451","-97.95123146673201","36058","148367","-75.69675197314767","本年度出售房地收入較去年度減少112,540仟元,本年度租金收入較去年度同期增加231仟元."
"1150317","11502","2534","宏盛","建材營造","79808","46111","663438","73.07800741688534","-87.97054133166928","125919","1130601","-88.86264915739505","本月成屋銷售情形較去年同期減少"
"1150317","11502","2535","達欣工","建材營造","1405427","2634946","1187920","-46.66201888008331","18.309903023772645","4040373","2100939","92.31272302527584","本公司115年累計營收較去年同期變動增加50%以上，係因部分廠房工程投入較多及子公司交屋認列營建收入所致。"
"1150317","11502","2536","宏普","建材營造","127012","616860","332017","-79.40991472943618","-61.7453323173211","743872","556200","33.741819489392306","今年本期預售完工交屋及租金收入"
"1150317","11502","2537","聯上發","建材營造","259301","651326","69567","-60.18875340459309","272.7356361493237","910627","304103","199.44689792603165","本月營收較去年增加，係今年同期認列新北市房地出售收入較高所致。"
"1150317","11502","2538","基泰","建材營造","20914","29779","20383","-29.76930051378488","2.6051121032232745","50693","65753","-22.903897921007406","-"
"1150317","11502","2539","櫻花建","建材營造","535780","1621270","806659","-66.95306765683692","-33.58036047450038","2157050","1132431","90.47959654937034","無異常。本月有「櫻花知築」、「櫻花市鎮之櫻」建案陸續過戶中。"
"1150317","11502","2540","愛山林","建材營造","579824","531269","865727","9.139437836576198","-33.02461399494298","1111093","1644260","-32.42595453273813","-"
"1150317","11502","2542","興富發","建材營造","4238033","4760744","484513","-10.979607389097167","774.6995436654951","8998777","668993","1245.1227441841693","本月較去年同期增加，係本期認列「青山440」、「福山案」、「VVS1」及「市政愛&#24742;」等新建案收入所致。"
"1150317","11502","2543","皇昌","建材營造","670644","1041817","633338","-35.627466244071655","5.890377649848896","1712461","1405199","21.86608444782554","-"
"1150317","11502","2545","皇翔","建材營造","731891","81633","678111","796.5626646086754","7.9308549780198225","813524","861841","-5.606254517944725","-"
"1150317","11502","2546","根基","建材營造","992800","1895918","1264264","-47.63486606488255","-21.47209759986838","2888718","2487269","16.14015211060806","-"
"1150317","11502","2547","日勝生","建材營造","461748","447680","509204","3.1424231593995713","-9.319643993370045","909428","888749","2.326753672859266","-"
"1150317","11502","2548","華固","建材營造","1137637","1103070","5877","3.1337086494964055","19257.444274289603","2240707","9055","24645.52181115406","本公司截至02月累計營收較去年同期增加，係因本年度認列交屋金額較高所致。"
"1150317","11502","2597","潤弘","建材營造","1879937","3164539","1971026","-40.593653609577885","-4.621400225060451","5044476","3916675","28.7948578832811","-"
"1150317","11502","2601","益航","貿易百貨","315909","126046","337602","150.6299287561684","-6.425613592336538","441955","774119","-42.90864841193667","本期累計營收減少，係原合併報表子公司改採權益法認列，其營收不再納入合併所致。"
"1150317","11502","2603","長榮","航運業","27138742","31898627","34233366","-14.921911842788719","-20.72429570612484","59037369","76481323","-22.808122709906574","-"
"1150317","11502","2605","新興","航運業","436531","397771","232864","9.744300112376216","87.46178026659338","834178","552372","51.017430282490785","受惠於散裝輪與油輪市場運價上揚，致本月營收較去年同期增長。"
"1150317","11502","2606","裕民","航運業","1137305","1287039","978469","-11.633990889164975","16.233115203445383","2424344","2185162","10.945733085235785","-"
"1150317","11502","2607","榮運","航運業","1189175","1369353","1400594","-13.15789281507398","-15.09495257012382","2558528","3124064","-18.10257408298934","-"
"1150317","11502","2608","嘉里大榮","航運業","831476","1173560","975618","-29.149255257507072","-14.774430156065181","2005036","2001262","0.18858100538560169","-"
"1150317","11502","2609","陽明","航運業","12443461","13761884","14694473","-9.58025078543025","-15.31876645048788","26205345","32287364","-18.837149418577496","-"
"1150317","11502","2610","華航","航運業","18373146","17799268","16036848","3.2241662971758163","14.568311678205093","36172414","35323241","2.4040064726789936","-"
"1150317","11502","2611","志信","航運業","77531","55400","56709","39.94765342960289","36.71727591740288","132931","113925","16.682905420232608","-"
"1150317","11502","2612","中航","航運業","353018","420444","366310","-16.03685627574659","-3.6286205672790808","773462","792068","-2.3490407389264556","-"
"1150317","11502","2613","中櫃","航運業","235075","307496","230259","-23.55185108098967","2.091557767557403","542571","498474","8.84639921039011","-"
"1150317","11502","2614","東森","其他","412889","424358","401657","-2.70267085809623","2.796415847352343","837247","880593","-4.922364815527718","-"
"1150317","11502","2615","萬海","航運業","10580264","12537769","10632585","-15.612865414891596","-0.49208165276835314","23118033","25305612","-8.644639773975827","-"
"1150317","11502","2616","山隆","油電燃氣業","529123","683305","688845","-22.564155099113865","-23.186928844660265","1212428","1318714","-8.05982191741348","本月因適逢春節、228連假，工作日減少，發油量較上月減少。"
"1150317","11502","2617","台航","航運業","328806","348300","309238","-5.596899224806202","6.327812235236291","677106","661588","2.3455685411464535","-"
"1150317","11502","2618","長榮航","航運業","19002061","19926175","16674983","-4.637688869037836","13.955504482373385","38928236","36720150","6.013281536159302","-"
"1150317","11502","2630","亞航","航運業","369913","259989","305386","42.2802503182827","21.12965230888122","629903","709231","-11.185072282514442","-"
"1150317","11502","2633","台灣高鐵","航運業","4672521","4422943","4122096","5.642803897766713","13.3530369016151","9095464","8783038","3.557151864764789","-"
"1150317","11502","2634","漢翔","航運業","2197862","2665608","2518392","-17.54744133420968","-12.72756584360179","4863470","4608928","5.522802699456359","-"
"1150317","11502","2636","台驊控股","航運業","1437044","1750726","1670739","-17.917252614058395","-13.987522886578933","3187770","3832327","-16.818945773677456","-"
"1150317","11502","2637","慧洋-KY","航運業","1270929","1346075","978066","-5.582601266645618","29.9430713264749","2616967","2232237","17.23517708917109","-"
"1150317","11502","2642","宅配通","航運業","247114","307255","279108","-19.573644041594115","-11.462946243031372","554369","649140","-14.599470068090088","-"
"1150317","11502","2645","長榮航太","航運業","1322897","1718473","1401798","-23.019040741402396","-5.628557038888627","3041370","2676881","13.616182415281068","-"
"1150317","11502","2646","星宇航空","航運業","4817778","4214581","3404856","14.312146331984128","41.497261558198055","9032358","7642693","18.182923218294913","-"
"1150317","11502","2701","萬企","觀光餐旅","23176","21728","21427","6.664212076583211","8.162598590563308","44904","42129","6.586911628569394","-"
"1150317","11502","2702","華園","觀光餐旅","117813","106041","110261","11.101366452598523","6.849203254097097","223854","220541","1.5022150076403027","-"
"1150317","11502","2704","國賓","觀光餐旅","136081","129487","110528","5.092403098380532","23.119028662420384","265568","270415","-1.792430153652719","-"
"1150317","11502","2705","六福","觀光餐旅","179755","161712","151154","11.157489858513902","18.921761911692712","341466","344959","-1.0125841041978902","-"
"1150317","11502","2706","第一店","觀光餐旅","28669","29596","29191","-3.132180024327612","-1.7882223973142406","58265","57322","1.6450926345905585","-"
"1150317","11502","2707","晶華","觀光餐旅","663479","678572","534311","-2.2242297059118266","24.174684780960902","1342051","1284362","4.491646436129378","-"
"1150317","11502","2712","遠雄來","觀光餐旅","62145","35147","30500","76.81452186530856","103.75409836065573","97293","82692","17.65708895661007","本月營收較去年同期成長，主係春節連假，帶動東部旅遊。"
"1150317","11502","2722","夏都","觀光餐旅","58466","28218","37805","107.19398965199518","54.65150112418992","86684","93270","-7.061220113648547","主係農曆春節於115年2月所致。"
"1150317","11502","2723","美食-KY","觀光餐旅","1276613","1362372","1463940","-6.294829899616258","-12.796084538983838","2639067","3087052","-14.51174129881842","-"
"1150317","11502","2727","王品","觀光餐旅","2340626","2175432","1887401","7.59361818710031","24.01318002904523","4516058","4100815","10.125865224351745","-"
"1150317","11502","2731","雄獅","觀光餐旅","3287907","2158940","2331137","52.292652875948384","41.04306181918952","5446847","4727619","15.213324085549194","-"
"1150317","11502","2739","寒舍","觀光餐旅","452442","506605","386136","-10.691367041383327","17.171670085151344","959047","955646","0.3558849197296907","-"
"1150317","11502","2748","雲品","觀光餐旅","254633","329994","178542","-22.837081886337327","42.61798344367152","584627","535719","9.129412994498981","-"
"1150317","11502","2753","八方雲集","觀光餐旅","662968","788157","703320","-15.883764275391831","-5.737359949951657","1451125","1419176","2.251235928454258","-"
"1150317","11502","2762","世界健身-KY","運動休閒","886766","973515","835512","-8.910905327601526","6.134442114535758","1860281","1683046","10.530609383225414","-"
"1150317","11502","2801","彰銀","金融保險業","3752140","4258685","3594555","-11.894399327491938","4.383991898858134","8010825","7188433","11.44049057701449","-"
"1150317","11502","2812","台中銀","金融保險業","1818419","1907814","1626913","-4.6857293216214995","11.771127282159526","3726233","3384726","10.08964979735435","-"
"1150317","11502","2816","旺旺保","金融保險業","1311666","1592604","1032265","-17.64016667043408","27.066790020004554","2904270","2370462","22.519154493934092","-"
"1150317","11502","2820","華票","金融保險業","304685","497667","233018","-38.77733504532147","30.75599309924555","802351","387905","106.84213918356299","主係本年票債券獲利及金融商品評價利益增加"
"1150317","11502","2832","台產","金融保險業","803079","874568","843506","-8.174207151416471","-4.79273413585677","1677647","1685710","-0.47831477537654754","-"
"1150317","11502","2834","臺企銀","金融保險業","2495404","3290524","2616435","-24.16393255299156","-4.625798080212197","5785928","5678971","1.8833869727455907","-"
"1150317","11502","2836","高雄銀","金融保險業","372525","505185","356257","-26.259687045339827","4.566366415256402","877709","743140","18.108162661140565","-"
"1150317","11502","2838","聯邦銀","金融保險業","2011875","1800068","1812860","11.766611039138521","10.977957481548492","3811943","3303268","15.399144120307525","-"
"1150317","11502","2845","遠東銀","金融保險業","1111919","1281276","994339","-13.217839091655506","11.824940990949766","2393195","2183105","9.623449169875018","-"
"1150317","11502","2849","安泰銀","金融保險業","506819","552220","418078","-8.22154213900257","21.225943484230214","1059076","875961","20.90446949122164","-"
"1150317","11502","2850","新產","金融保險業","2275924","2351893","2128813","-3.230121438347748","6.910470764693752","4627817","4360389","6.133122526453488","-"
"1150317","11502","2851","中再保","金融保險業","2138550","2221848","1052635","-3.7490413385614136","103.16158972483339","4360398","2143155","103.45695948263192","營業收入淨額較去年同期增加，主係淨投資損益增加所致。"
"1150317","11502","2852","第一保","金融保險業","725462","799148","782351","-9.220569906950903","-7.271544357967204","1524610","1600542","-4.744142921585313","-"
"1150317","11502","2855","統一證","金融保險業","2096483","3259312","652377","-35.677130633704294","221.36065495871253","5355795","1340730","299.46857309077893","今年單月營收及累計營收較去年同期增加，主因今年泛自營業務操作獲利優於去年同期所致。"
"1150317","11502","2867","三商壽","金融保險業","7693563","6375140","8814375","20.680690933846158","-12.715728568389704","14068703","14560857","-3.3799796261991997","-"
"1150317","11502","2880","華南金","金融保險業","5516626","6839814","5111306","-19.345379859744725","7.929871543593751","12356440","10550711","17.11476127059115","-"
"1150317","11502","2881","富邦金","金融保險業","29373464","23880545","17377587","23.001648412965448","69.03074057405094","53254009","39054422","36.35846153349805","本月營業收入較去年本月營業收入增加，主係投資相關淨收益增加所致。"
"1150317","11502","2882","國泰金","金融保險業","26123903","26002151","29364042","0.46823818537166406","-11.034376670623207","52126054","55013321","-5.248305224111084","-"
"1150317","11502","2883","凱基金","金融保險業","9367975","8752466","7481586","7.032406638311991","25.21375815234898","18120441","16637842","8.911005405628927","-"
"1150317","11502","2884","玉山金","金融保險業","7478992","9245634","7190893","-19.107851338264094","4.00644259343033","16724626","13770633","21.451395879913434","-"
"1150317","11502","2885","元大金","金融保險業","13315992","17771233","8756541","-25.069959974077207","52.06908755409242","31087225","17185348","80.89377648913481","本月營業收入淨額較去年同期增加，主係分離帳戶保險商品資產淨損益增加所致。"
"1150317","11502","2886","兆豐金","金融保險業","6460103","8155833","6507358","-20.791622388540816","-0.7261779665418746","14615936","13338300","9.57870193352976","-"
"1150317","11502","2887","台新新光金","金融保險業","16283678","18773450","5666390","-13.262197411770346","187.3730540961706","35057128","11543765","203.68885714496093","本年度新增新光子公司"
"1150317","11502","2889","國票金","金融保險業","711757","1214033","611442","-41.372516233084276","16.40629855325607","1925790","1212003","58.893171056507285","本年手續費及佣金淨收益較去年同期增加2.26億元、透過損益按公允價值衡量之金融資產淨損益較去年同期增加3.55億元"
"1150317","11502","2890","永豐金","金融保險業","7019061","10779103","6195777","-34.88269849541284","13.287824916874833","17798164","13143457","35.41463254302121","-"
"1150317","11502","2891","中信金","金融保險業","20907830","25856645","18313705","-19.13943204928559","14.164938225225317","46764475","35757283","30.7830771146678","-"
"1150317","11502","2892","第一金","金融保險業","5959029","6995405","5789104","-14.815096481190153","2.93525561123103","12954434","11244344","15.208446130783619","-"
"1150317","11502","2897","王道銀行","金融保險業","814631","1389919","759420","-41.39003783673725","7.270153538226541","2204550","1652395","33.41543638173681","-"
"1150317","11502","2901","欣欣","貿易百貨","11255","11491","9373","-2.053781220085284","20.078950176037555","22746","20656","10.118125484120837","-"
"1150317","11502","2903","遠百","貿易百貨","2742999","2807826","2197968","-2.308796912629201","24.797039811316633","5550825","5490465","1.0993604366843246","-"
"1150317","11502","2904","匯僑","其他","32559","32143","41580","1.2942164701490215","-21.695526695526695","64702","81061","-20.18109818531723","-"
"1150317","11502","2905","三商","貿易百貨","10029671","15589258","9545466","-35.662935336627314","5.072617722382542","25618929","22479208","13.96722251068632","-"
"1150317","11502","2906","高林","貿易百貨","667312","896494","664867","-25.5642536369457","0.3677427214766262","1563806","1549586","0.9176644600557826","-"
"1150317","11502","2908","特力","貿易百貨","2993384","3495106","2434287","-14.354986658487611","22.967587634490098","6488490","5502786","17.912817252933333","-"
"1150317","11502","2910","統領","貿易百貨","47903","44489","40945","7.673807008474005","16.993527903284896","92392","87226","5.922546029853484","-"
"1150317","11502","2911","麗嬰房","貿易百貨","148238","156257","176704","-5.131930089531989","-16.109425932633105","304495","447505","-31.95718483592362","-"
"1150317","11502","2912","統一超","貿易百貨","28039116","30727739","25704701","-8.74982373418363","9.081665645517527","58766855","56278158","4.422136559622296","-"
"1150317","11502","2913","農林","貿易百貨","40736","41390","39901","-1.5800918096158492","2.0926793814691362","82118","89203","-7.942557985717969","-"
"1150317","11502","2915","潤泰全","貿易百貨","127996","156684","174446","-18.309463633810726","-26.627151095467937","284680","442157","-35.615629742376576","-"
"1150317","11502","2923","鼎固-KY","建材營造","330662","1467097","256581","-77.46147664401195","28.87236389288373","1801783","509022","253.96957302434865","本年營收增加主係本年新樓盤交房增加所致。"
"1150317","11502","2929","淘帝-KY","貿易百貨","73114","136158","89017","-46.30209021871649","-17.865126885875732","209496","235424","-11.013320647002855","-"
"1150317","11502","2939","永邑-KY","貿易百貨","20838","30234","27383","-31.07759476086525","-23.901690830077055","51072","69113","-26.103627392820453","-"
"1150317","11502","2945","三商家購","貿易百貨","1239240","1257605","1057772","-1.460315440857821","17.155681942800527","2496845","2291500","8.961160811695397","-"
"1150317","11502","3002","歐格","電腦及週邊設備業","43939","76464","35647","-42.53635697844737","23.261424523802845","120403","85913","40.14526323140852","-"
"1150317","11502","3003","健和興","電子零組件業","330305","461705","341487","-28.45973078047671","-3.274502396870159","792010","631232","25.47050846598398","-"
"1150317","11502","3004","豐達科","鋼鐵工業","361844","389473","302583","-7.093944894768058","19.585039476771662","751317","590685","27.19418979659209","-"
"1150317","11502","3005","神基","電腦及週邊設備業","2627936","3188233","2628359","-17.573903789340363","-0.016093691919558933","5816169","5782622","0.5801347554794347","-"
"1150317","11502","3006","晶豪科","半導體業","2094881","2146214","917212","-2.391793176262945","128.3965975150783","4241095","1852716","128.91231035949386","本期營收較前期成長係因產品市場需求復甦"
"1150317","11502","3008","大立光","光電業","4613227","5498867","4736692","-16.105863262377504","-2.6065659325115504","10111881","9686288","4.393767767384162","-"
"1150317","11502","3010","華立","電子通路業","6628919","7597775","5435020","-12.751838531675391","21.966782090958265","14226694","12442560","14.338962400020575","-"
"1150317","11502","3011","今皓","電子零組件業","37367","58581","69735","-36.21310663867124","-46.41571664157166","95948","150345","-36.181449333200305","-"
"1150317","11502","3013","晟銘電","電腦及週邊設備業","516374","1229129","746546","-57.988624464966655","-30.831589747986058","1745503","1566395","11.43440830697238","-"
"1150317","11502","3014","聯陽","半導體業","460808","719294","535572","-35.93607064705114","-13.959654350862255","1180102","1207709","-2.28589834140509","-"
"1150317","11502","3015","全漢","電子零組件業","801549","1232574","906992","-34.969502845265275","-11.62557111859862","2034123","1908132","6.602845086189006","-"
"1150317","11502","3016","嘉晶","半導體業","334022","345675","290779","-3.371085557243075","14.871431568304452","679697","581833","16.8199466169846","-"
"1150317","11502","3017","奇鋐","電腦及週邊設備業","14017320","17003457","8022033","-17.561940492453974","74.7352572595999","31020777","14823098","109.27323694412598","因客戶需求增加,使營收成長"
"1150317","11502","3018","隆銘綠能","其他電子業","27230","11185","93087","143.45105051408134","-70.74779507342593","38415","155166","-75.24264336259232","去年承接工案已過施作高峰期，今年潛在工案尚在積極洽談中，故115年2月收入低於114年2月，及115年1-2月累計收入低於114年1-2月"
"1150317","11502","3019","亞光","光電業","1709627","2273383","1600346","-24.798109249519328","6.828585818316789","3983010","3427132","16.21991799557181","-"
"1150317","11502","3021","鴻名","電子零組件業","194984","259389","256995","-24.82950317862361","-24.12926321523765","454373","494512","-8.116890995567347","-"
"1150317","11502","3022","威強電","電腦及週邊設備業","409135","454556","588988","-9.992388176594304","-30.535936216017983","863691","1112682","-22.37755261611134","-"
"1150317","11502","3023","信邦","電子零組件業","2610241","2807340","2760145","-7.0208453553898","-5.431019022551351","5417581","5519417","-1.845049939151182","-"
"1150317","11502","3024","憶聲","光電業","98892","82816","285659","19.411707882534778","-65.38110124309054","181708","446572","-59.310480728751465","去年同期有建案交屋收入,本期無交屋收入,使營收減少"
"1150317","11502","3025","星通","通信網路業","35609","42017","16712","-15.25096984553871","113.07443752991863","77626","63295","22.64159886246939","東南亞出貨增加"
"1150317","11502","3026","禾伸堂","電子零組件業","1018586","1310074","1042531","-22.2497355111238","-2.2968141954531807","2328660","2113339","10.188663531974756","-"
"1150317","11502","3027","盛達","通信網路業","108139","105518","206990","2.4839363899998106","-47.756413353302094","213657","414690","-48.47789915358461","-"
"1150317","11502","3028","增你強","電子通路業","3828384","6378194","2649196","-39.97699035181432","44.511164896821526","10206578","5707558","78.82565538536797","營收較去年同期增加,主要係因記憶體價格持續上漲,客戶需求增加所致。"
"1150317","11502","3029","零壹","資訊服務業","1742006","2817324","2781815","-38.168063027184665","-37.37879765548752","4559330","4924223","-7.4101639994776844","-"
"1150317","11502","3030","德律","其他電子業","754655","893601","604032","-15.548997818937087","24.936261655011656","1648255","1249096","31.955830456586202","-"
"1150317","11502","3031","佰鴻","光電業","55357","108455","67489","-48.95855423908534","-17.97626279838196","163812","150051","9.170881900153947","-"
"1150317","11502","3032","偉訓","電子零組件業","640166","1185249","630880","-45.98890191006278","1.4719122495561756","1825415","1468112","24.337584598450256","從114年7月開始認列新購併之音圈全球領導公司AIP的營收"
"1150317","11502","3033","威健","電子通路業","6377191","11735936","7111957","-45.66099372048382","-10.331417920552669","18113127","14492546","24.98236679738674","-"
"1150317","11502","3034","聯詠","半導體業","7059376","7617321","9267233","-7.324688036647005","-23.824338936983672","14676697","17748102","-17.305540614990832","-"
"1150317","11502","3035","智原","半導體業","736933","785062","2836864","-6.130598602403377","-74.02297043495916","1521995","3954984","-61.51703774275699","因量產減少"
"1150317","11502","3036","文曄","電子通路業","104424711","195746933","80963181","-46.65320707732366","28.97802397363809","300171644","158742376","89.09358141395087","主要因資料中心及通訊相關需求增長"
"1150317","11502","3037","欣興","電子零組件業","11600477","12766959","9985276","-9.136725511533326","16.175827288098997","24367436","19479147","25.094984908733426","-"
"1150317","11502","3038","全台","光電業","221848","259455","256361","-14.494613709506465","-13.462656176251459","481303","533165","-9.727195145967945","-"
"1150317","11502","3040","遠見","其他","12417","10443","10174","18.902614191324332","22.046392765873797","22860","20473","11.659258535632297","-"
"1150317","11502","3041","揚智","半導體業","125555","107902","95614","16.36021575132991","31.314451858514442","233457","214998","8.585661261965228","-"
"1150317","11502","3042","晶技","電子零組件業","1014184","1216703","945135","-16.644900193391486","7.305728811228025","2230887","2086810","6.904174313904956","-"
"1150317","11502","3043","科風","其他電子業","60726","53246","61375","14.048003605904668","-1.0574338085539714","113972","166136","-31.398372417778205","-"
"1150317","11502","3044","健鼎","電子零組件業","5897587","7748933","5328626","-23.891624821120534","10.677442928064384","13646519","11244622","21.360406779347496","-"
"1150317","11502","3045","台灣大","通信網路業","15523555","17145458","15528063","-9.459665644393985","-0.029031309313982047","32669013","31989979","2.1226459698519964","-"
"1150317","11502","3046","建碁","電腦及週邊設備業","393731","586156","468144","-32.828291444598364","-15.89532280665778","979887","975814","0.4173951183319772","-"
"1150317","11502","3047","訊舟","通信網路業","215826","282793","362561","-23.680572008500917","-40.47181026089403","498619","718383","-30.59148114585117","-"
"1150317","11502","3048","益登","電子通路業","9591029","11447656","8661417","-16.218403138598855","10.732793490949575","21038684","18746381","12.227976162439033","-"
"1150317","11502","3049","精金","光電業","29502","158297","115419","-81.36288116641504","-74.43921711330023","187799","220122","-14.684129709888152","本期營收較去年同期減少74.44，自115年1月31日後全面停產。"
"1150317","11502","3050","鈺德","光電業","81888","98383","93714","-16.7661079658071","-12.619245790383507","180271","188439","-4.3345591942220025","-"
"1150317","11502","3051","力特","光電業","107078","130671","162263","-18.05526857527684","-34.00960169601203","237749","294469","-19.261789865826284","主要係逢春節假期及大陸整體經濟不佳，導致大陸汽車市場需求仍不振所致。"
"1150317","11502","3052","夆典","建材營造","268420","341632","303817","-21.43007680779318","-11.650763452999668","610053","551703","10.576342706129928","-"
"1150317","11502","3054","立萬利","食品工業","57808","13427","6793","330.53548819542715","750.9936699543648","71235","12845","454.57376411054884","主係因本期產品結構改變致銷售金額增加。"
"1150317","11502","3055","蔚華科","電子通路業","8167","48523","9947","-83.16880654534963","-17.89484266613049","56690","43552","30.166238060249817","-"
"1150317","11502","3056","富華新","建材營造","95423","113009","3077048","-15.561592439540213","-96.89887840553673","208432","3152429","-93.38820953620208","營收減少係因無建案交屋"
"1150317","11502","3057","喬鼎","電腦及週邊設備業","40224","53028","52062","-24.14573432903372","-22.738273596865277","93252","97887","-4.735051641178093","-"
"1150317","11502","3058","立德","電子零組件業","170727","317048","220025","-46.15105599152179","-22.405635723213273","487775","496931","-1.842509322219785","-"
"1150317","11502","3059","華晶科","光電業","637401","674989","574891","-5.568683341506306","10.873365559732193","1312390","1125873","16.56643333661967","-"
"1150317","11502","3060","銘異","電腦及週邊設備業","337276","405172","351572","-16.757327752164514","-4.066307897102158","742448","650993","14.04853815632426","-"
"1150317","11502","3062","建漢","通信網路業","221475","517003","276605","-57.16175728187264","-19.93094846441677","738478","584392","26.366890717189833","-"
"1150317","11502","3090","日電貿","電子零組件業","1324902","1606884","1210670","-17.548373124631272","9.435436576441145","2931786","2631989","11.390511130555637","-"
"1150317","11502","3092","鴻碩","電子零組件業","102746","145561","141553","-29.413785285893887","-27.415173115370216","248307","298811","-16.901653553584037","-"
"1150317","11502","3094","聯傑","半導體業","14622","16085","16314","-9.095430525334162","-10.37146009562339","30708","32965","-6.846655543758532","-"
"1150317","11502","3130","一零四","數位雲端","175079","206985","200063","-15.414643573205788","-12.488066259128374","382064","378684","0.8925647769644347","-"
"1150317","11502","3135","凌航","半導體業","981428","1545976","480814","-36.51725511909628","104.1180165303007","2527404","829119","204.83006661287462","市場價格上漲及需求增加。"
"1150317","11502","3138","耀登","通信網路業","117055","115699","97974","1.1720066724863656","19.475575152591503","232754","202321","15.041938305959341","-"
"1150317","11502","3149","正達","光電業","173520","273459","100543","-36.54624642085285","72.58287498881076","446979","279541","59.89747478902916","主係訂單需求增加。"
"1150317","11502","3150","鈺寶-創","半導體業","21808","22784","27431","-4.283707865168539","-20.498705843753417","44592","55998","-20.368584592306867","-"
"1150317","11502","3164","景岳","生技醫療業","16413","34487","25437","-52.40815379708296","-35.47588158981012","50900","55675","-8.576560395150427","-"
"1150317","11502","3167","大量","電機機械","571184","601545","256117","-5.0471702033929295","123.01682434199995","1172728","530087","121.23311833717861","主係因客戶需求量增加所致"
"1150317","11502","3168","眾福科","光電業","259736","270773","265817","-4.0761080314506986","-2.2876640696418966","530509","509948","4.031979731266717","-"
"1150317","11502","3189","景碩","半導體業","3204487","3961154","2913173","-19.10218587815571","9.99988672145458","7165641","5469703","31.006034514122614","-"
"1150317","11502","3209","全科","電子通路業","4213957","6042999","3120553","-30.26712398926427","35.03878959915117","10256956","8275845","23.938473956435868","-"
"1150317","11502","3229","晟鈦","電子零組件業","80764","110040","82354","-26.604870956015993","-1.9306894625640527","190804","147307","29.52812833062923","-"
"1150317","11502","3231","緯創","電腦及週邊設備業","284893080","228366631","102714136","24.75249941397962","177.36501624274968","513259711","193500298","165.25008814198313","主係客戶需求增加，較去年同期成長。"
"1150317","11502","3257","虹冠電","半導體業","34409","48055","60932","-28.396628862761418","-43.528851834832274","82464","121395","-32.06968985543062","-"
"1150317","11502","3266","昇陽","建材營造","96318","218855","98812","-55.99003906696215","-2.523984941100271","315173","166773","88.98322870008934","因營建收入受政策、全部完工法及建案規模不同等影響，故營收波動較大。"
"1150317","11502","3296","勝德","電子零組件業","88671","125064","104357","-29.099501055459605","-15.031095182881838","213735","237773","-10.10964239001064","-"
"1150317","11502","3305","昇貿","其他電子業","1159710","1185845","714161","-2.203913664939347","62.38775290165663","2345556","1529795","53.32485725211548","銷售量增加及原料價格上漲"
"1150317","11502","3308","聯德","電子零組件業","523","515","546","1.5533980582524272","-4.212454212454213","1038","1077","-3.6211699164345403","客戶暫停拉貨"
"1150317","11502","3311","閎暉","通信網路業","161377","168438","211191","-4.192046925278144","-23.587179377909095","329814","383296","-13.953185005844048","-"
"1150317","11502","3312","弘憶股","電子通路業","1443742","2014959","1887385","-28.34881503792385","-23.50569703584589","3458701","3574798","-3.247652035163945","-"
"1150317","11502","3321","同泰","電子零組件業","104904","155839","138854","-32.68437297467258","-24.45014187563916","260742","288288","-9.555028305028305","-"
"1150317","11502","3338","泰碩","電子零組件業","196705","307834","319447","-36.100300811476316","-38.42327522249387","504539","600208","-15.93930770666169","本年因受農曆春節假期影響基數較低，致營收減少達38%。"
"1150317","11502","3346","麗清","汽車工業","363281","703929","539609","-48.39238048155425","-32.67699389743314","1067210","1341492","-20.446040677096846","-"
"1150317","11502","3356","奇偶","光電業","89237","80394","79859","10.99957708286688","11.743197385391753","169631","159345","6.455175876243371","-"
"1150317","11502","3376","新日興","電子零組件業","676266","870865","862540","-22.34548408765997","-21.595983954367334","1547131","1914428","-19.18573067255598","-"
"1150317","11502","3380","明泰","通信網路業","1288857","1528024","1417063","-15.652044732281691","-9.047304177725337","2816881","2864435","-1.6601528748252272","-"
"1150317","11502","3406","玉晶光","光電業","1461282","2514794","1389856","-41.892576489366526","5.139093546381783","3976076","3428269","15.979113657650553","-"
"1150317","11502","3413","京鼎","半導體業","1647946","1890612","1581974","-12.835314702329192","4.170232886254768","3538558","3273537","8.095860837986557","-"
"1150317","11502","3416","融程電","電腦及週邊設備業","290450","304540","210693","-4.626650029552768","37.854603617585774","594990","491629","21.02418693771116","-"
"1150317","11502","3419","譁裕","通信網路業","100721","167743","104378","-39.955169515270384","-3.5036118722336123","268464","246748","8.80088187138295","-"
"1150317","11502","3432","台端","電子零組件業","16451","21228","2851","-22.503297531562087","477.0256050508593","37679","6703","462.121438162017","主係因增加新產品出貨所致"
"1150317","11502","3437","榮創","光電業","94618","132632","140108","-28.66125821822788","-32.46781054615011","227250","300148","-24.287351573223876","-"
"1150317","11502","3443","創意","半導體業","3351500","4235842","2092746","-20.877596473145125","60.148436551784116","7587342","4131411","83.65013793108456","晶圓產品以及委託設計收入增加所致"
"1150317","11502","3447","展達","通信網路業","303975","223070","251185","36.268884206751245","21.016382347672035","527045","486183","8.404654214565298","-"
"1150317","11502","3450","聯鈞","半導體業","607616","751552","958464","-19.1518351358256","-36.605235042735046","1359168","1780043","-23.64409174385113","-"
"1150317","11502","3454","晶睿","光電業","454175","630376","575979","-27.95173039582725","-21.147298773045545","1084551","1253163","-13.454913686407913","-"
"1150317","11502","3481","群創","光電業","19540242","22139342","18504351","-11.739734631679658","5.598094199575008","41679584","37167028","12.1412882407493","-"
"1150317","11502","3494","誠研","電腦及週邊設備業","74554","75171","63263","-0.8207952534887124","17.84771509413085","149725","126368","18.48331856166118","-"
"1150317","11502","3501","維熹","電子零組件業","309149","485422","451925","-36.31335209364223","-31.59285279637108","794571","930639","-14.620921753762737","-"
"1150317","11502","3504","揚明光","光電業","179404","223542","220282","-19.74483542242621","-18.557122234227037","402946","418077","-3.619189766478424","-"
"1150317","11502","3515","華擎","電腦及週邊設備業","1800741","6635049","2567264","-72.86017028660979","-29.857583793485983","8435368","7280889","15.856291724815472","“本年累計營業收入淨額”採年平均匯率計算,“本月營業收入淨額”採該月平均匯率計算,故累計營收淨額與各月營收淨額加總會有差異"
"1150317","11502","3518","柏騰","其他電子業","13846","28815","21038","-51.94863786222454","-34.18575910257629","42661","41776","2.1184412102642667","-"
"1150317","11502","3528","安馳","電子通路業","681191","1456934","560452","-53.244896474377015","21.543147316808575","2138125","1139527","87.63267566279693","年對年_AI伺服器應用帶動測試相關需求增加及工控需求回升。因農曆新年及主要供應商政策調整，客戶提前於一月拉貨。"
"1150317","11502","3530","晶相光","半導體業","134239","214315","100840","-37.36369362853743","33.12078540261801","348554","219644","58.690426326237","因監控系列產品營收較去年同期大幅成長所致。"
"1150317","11502","3532","台勝科","半導體業","1000930","1115282","1039797","-10.253191569486463","-3.7379411558217615","2116213","1954319","8.283908614714385","-"
"1150317","11502","3533","嘉澤","電子零組件業","2320003","3520081","2208096","-34.092340488755795","5.068031462400185","5840084","4885726","19.53359643991497","-"
"1150317","11502","3535","晶彩科","光電業","131154","151799","2654","-13.600221345331656","4841.748304446119","282953","4239","6574.994102382638","本公司以銷售機台為主，115年2月出售機台較去年同期多，此為產業特性，尚屬正常"
"1150317","11502","3543","州巧","光電業","215342","327307","270637","-34.207945445713044","-20.43142659725019","542649","567927","-4.450924150463","-"
"1150317","11502","3545","敦泰","半導體業","725049","848311","930444","-14.530284294321305","-22.07494486503218","1573360","1941035","-18.942213818916198","-"
"1150317","11502","3550","聯穎","電子零組件業","172909","375716","241823","-53.97880313854081","-28.49770286531885","548625","475255","15.438028006017822","-"
"1150317","11502","3557","嘉威","居家生活","401570","565842","642218","-29.031425733685374","-37.47138822019937","967413","1276834","-24.233455562743472","-"
"1150317","11502","3563","牧德","光電業","285091","240058","271747","18.759216522673686","4.910449793373984","525149","487112","7.808676444021088","-"
"1150317","11502","3576","聯合再生","光電業","136090","119904","308888","13.49913263944489","-55.941959545207325","255994","528385","-51.55161482631036","太陽能需求減緩，導致本年營收較去年減少。"
"1150317","11502","3583","辛耘","半導體業","1049403","1017508","931356","3.1346190889899637","12.674745210209629","2066911","1820451","13.538403395642069","-"
"1150317","11502","3588","通嘉","半導體業","111174","134612","108703","-17.411523489733455","2.2731663339558246","245786","227280","8.142379443857797","-"
"1150317","11502","3591","艾笛森","光電業","178751","201422","186394","-11.255473582826106","-4.100453877270728","380173","392298","-3.0907626345278336","-"
"1150317","11502","3592","瑞鼎","半導體業","1669379","1767799","1914886","-5.567375023970485","-12.82097211008906","3437178","3840588","-10.50386034638446","-"
"1150317","11502","3593","力銘","電子零組件業","20757","56948","65853","-63.550958769403664","-68.4797959090702","77705","130057","-40.25311978594001","主要係因產業淡季配合春節假期調整休假天數，致出貨天數較去年同期減少所致。"
"1150317","11502","3596","智易","通信網路業","4025608","4233376","4310031","-4.907856046805198","-6.599094066840818","8258984","8250767","0.0995907410789809","-"
"1150317","11502","3605","宏致","電子零組件業","781391","1058355","729069","-26.169291022388517","7.176549819015759","1839746","1627329","13.053107269642464","-"
"1150317","11502","3607","谷崧","電子零組件業","161427","228239","173149","-29.272823662914753","-6.769891827270155","389666","415679","-6.257953853815083","-"
"1150317","11502","3617","碩天","其他電子業","822372","960792","815474","-14.40686433692204","0.8458884035542519","1783164","1800958","-0.9880297041907696","-"
"1150317","11502","3622","洋華","光電業","124903","132272","95490","-5.57109592355147","30.802178238559012","257176","265144","-3.005159460519567","-"
"1150317","11502","3645","達邁","電子零組件業","161746","173437","176773","-6.740776189625051","-8.500732577938939","335183","370143","-9.444998284446822","-"
"1150317","11502","3652","精聯","電腦及週邊設備業","176134","208608","172095","-15.56699647185151","2.3469595281675817","384742","346910","10.905422155602318","-"
"1150317","11502","3653","健策","電子零組件業","1268426","1873115","1484756","-32.28253470822667","-14.570070772571386","3141541","2931944","7.148738175081107","-"
"1150317","11502","3661","世芯-KY","半導體業","826686","1432291","3606459","-42.28225968046996","-77.07762655834989","2258651","6867392","-67.11049842502074","本月營收較去年同期減少，係因量產產品減少所致。"
"1150317","11502","3665","貿聯-KY","其他電子業","6387852","7455820","5001880","-14.323950953751567","27.709021407950612","13843672","10557716","31.12373926330278","-"
"1150317","11502","3669","圓展","通信網路業","206879","185627","160501","11.448765535186153","28.895770119812337","392506","328150","19.611762913301845","-"
"1150317","11502","3673","TPK-KY","光電業","4931851","6697447","4147520","-26.362224292331092","18.910843106241803","11629298","8640521","34.5902405653548","-"
"1150317","11502","3679","新至陞","電子零組件業","233712","414475","382768","-43.61252186500995","-38.94160431384024","648187","797216","-18.693679002930196","-"
"1150317","11502","3686","達能","半導體業","7593","7299","6942","4.027949034114262","9.377700950734658","14892","14111","5.53468924952165","本期營收相較去年同期增加，主要係本期電子零組件材料交易的品項規格不同，加上整體交易的平均價格較去年同期上升所致。"
"1150317","11502","3694","海華","通信網路業","731660","1101212","759499","-33.55866082098633","-3.665442614144324","1832872","1453942","26.062250076000282","-"
"1150317","11502","3701","大眾控","電腦及週邊設備業","512721","777626","832911","-34.06586199535509","-38.44228254879573","1290347","1803872","-28.46792898830959","-"
"1150317","11502","3702","大聯大","電子通路業","79683932","95168057","72838266","-16.27029645041508","9.398447239257452","174851989","138666315","26.095504160473293","-"
"1150317","11502","3703","欣陸","建材營造","1699693","2053810","2459226","-17.241955195465987","-30.885042692294242","3753503","4816572","-22.07107046256134","-"
"1150317","11502","3704","合勤控","通信網路業","1759583","1777555","2137211","-1.0110516974158323","-17.669195975502653","3537138","4819094","-26.601597727705663","-"
"1150317","11502","3705","永信","生技醫療業","523507","697119","628145","-24.904212910564766","-16.658255657531303","1220626","1366452","-10.671871386627558","-"
"1150317","11502","3706","神達","電腦及週邊設備業","9440329","10266946","7532350","-8.051245229107078","25.330461277025098","19707275","15174426","29.871634024245793","-"
"1150317","11502","3708","上緯投控","綠能環保","29370","51108","109403","-42.53345855834703","-73.15430107035456","80478","244612","-67.09973345543146","拉擠板材訂單減少"
"1150317","11502","3711","日月光投控","半導體業","52096847","59988631","44960788","-13.155466074896758","15.871739169696047","112085478","94405049","18.728266323975955","-"
"1150317","11502","3712","永崴投控","電腦及週邊設備業","1276375","1293115","2351656","-1.2945484353673107","-45.724417176661895","2569490","5738931","-55.227027472538005","主要係因子公司承接工程案件依進度認列收入"
"1150317","11502","3714","富采","光電業","1464736","1889232","1764878","-22.46923617639337","-17.006387976959314","3353968","3608590","-7.055996940633322","-"
"1150317","11502","3715","定穎投控","電子零組件業","1620477","1861523","1316587","-12.948859616561277","23.081649750453256","3482000","3027253","15.02177056228865","-"
"1150317","11502","3716","中化控股","生技醫療業","621628","880229","669514","-29.37883209937414","-7.1523523033125525","1501857","1526114","-1.5894618619578877","-"
"1150317","11502","3717","聯嘉投控","汽車工業","606334","564637","0","7.384744534984423","","1170971","0","","聯嘉光電投控（公司代號：3717）於114年8月份起100%認列聯嘉光電（原公司代號：6288）的營收。"
"1150317","11502","4104","佳醫","生技醫療業","695983","805320","720743","-13.576839020513585","-3.43534380493463","1501303","1416370","5.996526331396457","-"
"1150317","11502","4106","雃博","生技醫療業","188302","187009","170249","0.6914105738226503","10.603880199002637","375311","361891","3.7082989076821473","-"
"1150317","11502","4108","懷特","生技醫療業","9223","15435","8785","-40.24619371558147","4.985771200910643","24658","17993","37.04218307119435","本期出貨持續成長，累計營收較去年同期成長37%"
"1150317","11502","4119","旭富","生技醫療業","118509","129683","84685","-8.616395364080104","39.94095766664699","248192","191536","29.579817893242","-"
"1150317","11502","4133","亞諾法","生技醫療業","27814","25696","31760","8.242528019925281","-12.424433249370278","53511","54619","-2.028598106885882","-"
"1150317","11502","4137","麗豐-KY","生技醫療業","195922","378619","292060","-48.25352134995867","-32.91720879271383","574541","466416","23.182094953860933","-"
"1150317","11502","4142","國光生","生技醫療業","5849","10983","7281","-46.74496949831558","-19.667628073066886","16831","69130","-75.65311731520325","累計月營收較去年同期減少主因為配合國外客戶出貨時程所致。"
"1150317","11502","4148","全宇生技-KY","生技醫療業","174096","145082","157065","19.9983457630857","10.843281443988158","319178","286316","11.47752832534682","-"
"1150317","11502","4155","訊映","生技醫療業","105941","131487","95592","-19.428536661419","10.826219767344547","237428","250304","-5.1441447200204555","-"
"1150317","11502","4164","承業醫","生技醫療業","268691","314731","218884","-14.62836517534021","22.754975238025622","583422","446485","30.670011310570345","-"
"1150317","11502","4190","佐登-KY","生技醫療業","138335","206980","179416","-33.1650401004928","-22.897066036473895","345315","391031","-11.691144691853076","-"
"1150317","11502","4306","炎洲","塑膠工業","799288","1225902","969662","-34.800008483549256","-17.570452384439115","2025190","1919272","5.5186549900170485","-"
"1150317","11502","4414","如興","紡織纖維","1137585","1163385","1223003","-2.217666550625975","-6.984283767088061","2300970","2371541","-2.975744463199245","-"
"1150317","11502","4426","利勤","紡織纖維","52697","79261","79501","-33.51459103468288","-33.71529917862669","131958","147861","-10.755371599001766","-"
"1150317","11502","4438","廣越","紡織纖維","772311","1039301","826547","-25.689381613218885","-6.561756318757433","1811612","1841968","-1.6480199438861045","-"
"1150317","11502","4439","冠星-KY","紡織纖維","400746","543689","531352","-26.291317278811967","-24.579939475150184","944359","985957","-4.219048092361026","-"
"1150317","11502","4440","宜新實業","紡織纖維","72752","105543","72812","-31.068853453094945","-0.082403999340768","178295","153762","15.9551774820827","-"
"1150317","11502","4441","振大環球","紡織纖維","586105","701250","507056","-16.419964349376116","15.589796787731533","1287355","965025","33.401207222610815","-"
"1150317","11502","4526","東台","電機機械","260616","357638","369586","-27.12854897969455","-29.484341939359176","618254","826430","-25.189792238907106","-"
"1150317","11502","4532","瑞智","電機機械","1789302","1964103","2011265","-8.899787842083638","-11.035989787521784","3753405","4259647","-11.884599827168778","-"
"1150317","11502","4536","拓凱","運動休閒","560998","901765","699845","-37.78889178444495","-19.839678786016904","1462763","1473731","-0.7442335134430911","-"
"1150317","11502","4540","全球傳動","電機機械","172266","269099","128136","-35.98415453048878","34.43997003184117","441365","273512","61.36951943607593","因傳動系統元件產品訂單需求上升，故使本期營業收入增加。"
"1150317","11502","4545","銘鈺","電子零組件業","174370","196410","188434","-11.221424571050354","-7.463621214855069","370781","388456","-4.550064872212039","-"
"1150317","11502","4551","智伸科","汽車工業","659173","830641","590142","-20.6428529292438","11.697354196108734","1489814","1357975","9.708499788287709","-"
"1150317","11502","4552","力達-KY","電機機械","139482","280599","176395","-50.29134102402361","-20.926330111397714","420588","443325","-5.128743021485366","-"
"1150317","11502","4555","氣立","電機機械","127706","143315","121516","-10.891393085162056","5.093979393660094","271021","236111","14.785418722549988","-"
"1150317","11502","4557","永新-KY","汽車工業","220583","312379","330577","-29.3860982972607","-33.27333722551781","532962","731727","-27.16381929326101","-"
"1150317","11502","4560","強信-KY","電機機械","127914","144830","136942","-11.679900573085687","-6.592572037797024","272744","263626","3.458687686343532","-"
"1150317","11502","4562","穎漢","電機機械","33043","70920","55512","-53.40806542583192","-40.475933131575154","103963","124434","-16.45129144767507","-"
"1150317","11502","4564","元翎","電機機械","64292","82887","88513","-22.43415734674919","-27.364341961067865","147179","215753","-31.783567320037264","-"
"1150317","11502","4566","時碩工業","電機機械","379804","507793","390743","-25.204955562601295","-2.7995383154656643","887597","837674","5.959717025955205","-"
"1150317","11502","4569","六方科-KY","汽車工業","143058","177211","160524","-19.272505657098037","-10.8806159826568","320269","305036","4.993836793034265","-"
"1150317","11502","4571","鈞興-KY","電機機械","186417","332623","199950","-43.955469104662036","-6.768192048012003","519561","569419","-8.755942460648486","-"
"1150317","11502","4572","駐龍","電機機械","62395","56391","50134","10.647089074497703","24.456456696054573","118786","113463","4.6913971955615485","-"
"1150317","11502","4576","大銀微系統","電機機械","255227","278321","209194","-8.297613187650231","22.004933219882023","533548","372744","43.14060051939133","-"
"1150317","11502","4581","光隆精密-KY","汽車工業","84923","93824","80143","-9.486911664392906","5.964338744494216","178762","186490","-4.143921926108638","-"
"1150317","11502","4583","台灣精銳","電機機械","249327","296883","274018","-16.01843150331949","-9.010721923377297","546210","512762","6.523104286199056","-"
"1150317","11502","4585","達明","其他電子業","138428","136829","156656","1.168611917064365","-11.635685833929118","275257","291646","-5.619483894858836","-"
"1150317","11502","4588","玖鼎電力","其他電子業","11388","103277","70009","-88.97334353244187","-83.73351997600308","114664","80539","42.37077689069891","因按照合約規範，每月出貨數量依客戶通知出貨。"
"1150317","11502","4590","富田-創","電機機械","80678","79261","96386","1.7877644743316385","-16.2969725893802","159939","217728","-26.54183201058201","-"
"1150317","11502","4720","德淵","化學工業","190930","369415","240300","-48.315580038709854","-20.5451518934665","560345","611469","-8.360849037318326","-"
"1150317","11502","4722","國精化","化學工業","228239","343215","287888","-33.49970135337908","-20.71951592285889","571454","562999","1.5017788663923026","-"
"1150317","11502","4736","泰博","生技醫療業","262114","368161","310701","-28.804517588772303","-15.637864055796408","630275","678122","-7.055810016486709","-"
"1150317","11502","4737","華廣","生技醫療業","110554","127221","155592","-13.100824549406152","-28.946218314566302","237775","321539","-26.050961158677485","-"
"1150317","11502","4739","康普","化學工業","667186","888810","228368","-24.9349129735264","192.15389196384783","1555996","653522","138.09389737453367","本月營收及累計營收較去年同期增加，主係動力電池材料銷售增加。"
"1150317","11502","4746","台耀","生技醫療業","232724","375331","292631","-37.99499641649637","-20.471857048638046","608055","658772","-7.698718221175156","-"
"1150317","11502","4755","三福化","化學工業","332099","421150","395832","-21.144722782856466","-16.101022656076314","753250","744852","1.1274723032226537","-"
"1150317","11502","4763","材料*-KY","化學工業","749568","984780","1431716","-23.884725522451713","-47.645482763341334","1734348","2636994","-34.23011201390674","-"
"1150317","11502","4764","雙鍵","化學工業","233067","255154","185583","-8.656340876490276","25.5863953056045","488221","437380","11.62398829393205","-"
"1150317","11502","4766","南寶","化學工業","1478450","1965285","1732398","-24.77172522051509","-14.65875624423487","3443735","3515871","-2.0517248784156186","-"
"1150317","11502","4770","上品","化學工業","207263","364454","300636","-43.130545967392315","-31.05848933594114","571718","541757","5.53033924803925","-"
"1150317","11502","4771","望隼","生技醫療業","314685","367954","259379","-14.477081374302223","21.32246635232613","682639","515956","32.30566172309267","-"
"1150317","11502","4807","日成-KY","貿易百貨","175040","191520","161643","-8.60484544695071","8.288017421107007","366560","371620","-1.3616059415531996","-"
"1150317","11502","4904","遠傳","通信網路業","9005133","9663053","8568811","-6.808614213334026","5.091978338651652","18668186","17227312","8.363893334026805","-"
"1150317","11502","4906","正文","通信網路業","876526","1135271","1612073","-22.791474458521357","-45.62740024800366","2011797","3343107","-39.82253634119399","-"
"1150317","11502","4912","聯德控股-KY","電子零組件業","534424","652874","436645","-18.142857580482605","22.393248519964732","1187298","1020657","16.32683653764193","-"
"1150317","11502","4915","致伸","電子零組件業","4241461","6059482","5117246","-30.00291113992912","-17.11438144658279","10300943","9357433","10.083000327119628","-"
"1150317","11502","4916","事欣科","電腦及週邊設備業","351831","302688","249537","16.235529654297494","40.99351999903822","654519","525226","24.61664121730455","-"
"1150317","11502","4919","新唐","半導體業","2384376","2464157","2571200","-3.237658964100096","-7.266023646546359","4848533","5022597","-3.465617488323272","-"
"1150317","11502","4927","泰鼎-KY","電子零組件業","910058","936443","1079410","-2.817576723836902","-15.689311753643194","1846501","2115583","-12.719047184629485","2月份自結數"
"1150317","11502","4930","燦星網","電器電纜","352891","662840","465846","-46.76075674370889","-24.247283437015668","1015731","1158341","-12.311573189587522","-"
"1150317","11502","4934","太極","光電業","11497","13219","4998","-13.026703986685831","130.03201280512204","24716","11050","123.67420814479638","受惠於子公司營收挹注，本年累計營收較去年同期成長。"
"1150317","11502","4935","茂林-KY","光電業","240647","416495","386479","-42.220915016987","-37.73348616613063","657142","852294","-22.897263150978418","-"
"1150317","11502","4938","和碩","電腦及週邊設備業","67982207","92158230","82478016","-26.233167672599613","-17.575360930117427","160140436","187799856","-14.728136958741864","-"
"1150317","11502","4942","嘉彰","光電業","349318","539543","459551","-35.25668945755945","-23.987109156546282","888861","898404","-1.0622169981433742","-"
"1150317","11502","4943","康控-KY","電子零組件業","151149","178816","104547","-15.472329098067288","44.575167149703006","329965","233657","41.21768232922617","-"
"1150317","11502","4949","有成精密","光電業","255854","217187","185242","17.803551777960926","38.11878515671392","473041","355121","33.2055834490216","-"
"1150317","11502","4952","凌通","半導體業","166060","155147","164961","7.033974230890704","0.6662180757876104","321291","285059","12.71035119045531","-"
"1150317","11502","4956","光鋐","光電業","95245","124577","101527","-23.545277218106072","-6.187516621194362","219822","187798","17.05236477491773","-"
"1150317","11502","4958","臻鼎-KY","電子零組件業","11720507","13564440","12204459","-13.593874866931477","-3.9653703617669573","25284947","25673742","-1.5143682599910835","-"
"1150317","11502","4960","誠美材","光電業","517873","692935","658897","-25.26384148585365","-21.403041750076262","1210808","1312646","-7.758222704369647","-"
"1150317","11502","4961","天鈺","半導體業","1323320","1347189","1476116","-1.7717632789460127","-10.351219009888112","2670509","2867432","-6.867573494332211","-"
"1150317","11502","4967","十銓","半導體業","1152052","3489648","1480527","-66.98658432025236","-22.18635661490807","4641700","3120943","48.72748396878764","-"
"1150317","11502","4968","立積","半導體業","270124","330057","290044","-18.158378704284413","-6.867923487470867","600181","530050","13.231015941892274","-"
"1150317","11502","4976","佳凌","光電業","73964","87265","72958","-15.242078725720507","1.378875517420982","161229","159554","1.049801321182797","-"
"1150317","11502","4977","眾達-KY","通信網路業","88234","32805","106880","168.96509678402683","-17.44573353293413","121039","164742","-26.528147042041496","-"
"1150317","11502","4989","榮科","電子零組件業","273654","368661","153155","-25.770830112216913","78.6778100617022","642315","289534","121.84441205523358","主係銷售量增加及銅價上漲"
"1150317","11502","4994","傳奇","資訊服務業","99591","88202","85582","12.912405614385161","16.369096305297845","187793","199216","-5.733977190587101","-"
"1150317","11502","4999","鑫禾","電子零組件業","138407","111064","138874","24.619138514730246","-0.33627604879243056","249471","250230","-0.30332094473084764","-"
"1150317","11502","5007","三星","鋼鐵工業","454819","513526","538331","-11.43213780801751","-15.513132255062406","968345","1110788","-12.823599102619042","-"
"1150317","11502","5203","訊連","資訊服務業","197996","206850","186910","-4.280396422528402","5.9311968327002305","404846","391260","3.472371313193273","-"
"1150317","11502","5215","科嘉-KY","電腦及週邊設備業","206313","249577","136683","-17.334930702749052","50.94269221483286","455890","333917","36.52793957779927","無"
"1150317","11502","5222","全訊","半導體業","76275","82134","90503","-7.133464825772518","-15.72102582234843","158409","183568","-13.705547807896801","-"
"1150317","11502","5225","東科-KY","其他電子業","604388","737512","838420","-18.05041816268752","-27.913456262970826","1341900","1687981","-20.50265968633533","-"
"1150317","11502","5234","達興材料","光電業","366001","411743","361753","-11.109357050393085","1.174281899528131","777744","704662","10.371213432823112","-"
"1150317","11502","5243","乙盛-KY","光電業","959091","1069177","1002141","-10.296330729149616","-4.295802686448314","2028268","2233840","-9.202628657379222","-"
"1150317","11502","5244","弘凱","光電業","42065","62714","49937","-32.92566253149217","-15.763862466708051","104779","109125","-3.9825887743413517","-"
"1150317","11502","5258","虹堡","電腦及週邊設備業","374125","550638","474095","-32.056087665580655","-21.086491104103608","924763","1020758","-9.404285834644451","-"
"1150317","11502","5269","祥碩","半導體業","892868","1346617","758911","-33.6954754024344","17.65121338338751","2239485","1609511","39.14070795415502","-"
"1150317","11502","5283","禾聯碩","電器電纜","274334","391612","320128","-29.947499055187276","-14.304903038784486","665946","700511","-4.93425513660742","-"
"1150317","11502","5284","jpp-KY","其他","407618","359220","271318","13.473080563443016","50.23625413721169","766912","530688","44.51278340569223","機櫃及電源櫃訂單增長所致"
"1150317","11502","5285","界霖","半導體業","411552","469291","425289","-12.303453507525182","-3.2300388676876195","880843","845384","4.194425255268611","-"
"1150317","11502","5288","豐祥-KY","電機機械","421616","804362","563988","-47.58379933413065","-25.243799513464825","1225978","1213612","1.018941803475905","-"
"1150317","11502","5292","華懋","綠能環保","127813","228614","224582","-44.09222532303359","-43.08849328975608","356427","449342","-20.678013628817247","本公司完工百分比法係以投入成本為完工進度基礎，各期依工程安排時間不同而產生差異"
"1150317","11502","5306","桂盟","運動休閒","320186","503699","375291","-36.43306816173945","-14.683272447247603","823885","805153","2.326514339510627","-"
"1150317","11502","5388","中磊","通信網路業","4527206","5180832","3737966","-12.616236156663641","21.114156736578128","9708038","7634953","27.152557455167045","-"
"1150317","11502","5434","崇越","電子通路業","5517727","6004421","4843533","-8.105594194677556","13.91946746311009","11522148","10390265","10.893687504601663","-"
"1150317","11502","5469","瀚宇博","電子零組件業","4597279","5503605","3315505","-16.467860611362916","38.65999297241295","10100884","6773752","49.11800727277881","本公司之子公司精成科技自114年4月8日起新增合併子公司Lincstech，致使本月營收較去年同期增加。"
"1150317","11502","5471","松翰","半導體業","206329","268664","211825","-23.201843194473394","-2.5945945945945947","474993","383496","23.858658238938606","-"
"1150317","11502","5484","慧友","光電業","87577","50631","30876","72.97110465920089","183.64101567560564","138208","52151","165.01505244386493","係因有接到代工訂單"
"1150317","11502","5515","建國","建材營造","474310","594450","521696","-20.210278408613004","-9.083067533582776","1068760","937429","14.009701001355836","-"
"1150317","11502","5519","隆大","建材營造","106373","299819","175000","-64.52092762633455","-39.215428571428575","406192","457154","-11.147665775646718","-"
"1150317","11502","5521","工信","建材營造","751811","540062","757098","39.20827608681966","-0.6983243912941257","1291874","1338045","-3.450631331532198","無"
"1150317","11502","5522","遠雄","建材營造","279130","4893556","21146","-94.2959680036358","1220.0132412749456","5172686","209686","2366.8723710691224","本月及截至本月累計營收較去年同期增加，主要係交屋量較去年同期完工可交屋成屋量增加所致"
"1150317","11502","5525","順天","建材營造","384154","448462","27919","-14.339676494329508","1275.9590243203554","832616","58973","1311.859664592271","本月及本年累計營收較去年同期增加，係因今年母公司ONE 33及緮華C區完工交屋收入所致"
"1150317","11502","5531","鄉林","建材營造","57656","43806","46935","31.6166735150436","22.842228614040696","101462","95142","6.64270248680919","建設業之銷售進度及狀況深受景氣榮枯及市場現狀影響，且建築個案之完工時間並非固定時點，故月營收的表現上會有較大之波動。"
"1150317","11502","5533","皇鼎","建材營造","37682","101572","72055","-62.90119324223211","-47.703837346471445","139254","220227","-36.767971229685735","-"
"1150317","11502","5534","長虹","建材營造","92667","450811","301457","-79.44437913005672","-69.26029251269667","543478","770447","-29.45939175569507","本月營收較去年同期減少，主要係因本月過戶交屋數額較去年同期減少所致。"
"1150317","11502","5538","東明-KY","鋼鐵工業","634571","1226697","924302","-48.26994767248962","-31.345923734883186","1861268","1763325","5.554449690215927","-"
"1150317","11502","5546","永固-KY","建材營造","30128","93028","125116","-67.61405168336415","-75.91994628984303","123155","306129","-59.77022758379638","去年同期因工作天數正常，本月受傳統農曆過年工作天數較少所影響，故營收較去年同期減少。"
"1150317","11502","5607","遠雄港","航運業","358054","422332","283326","-15.219779699383423","26.375270889364195","780386","582543","33.961956456433256","-"
"1150317","11502","5608","四維航","航運業","236158","261520","233849","-9.697919853166105","0.9873892982223572","497678","528107","-5.761900523946852","-"
"1150317","11502","5706","鳳凰","觀光餐旅","349242","154892","200078","125.47452418459314","74.5529243594998","504135","459168","9.793147606104956","本月適逢春節假期，故營收大幅增加。"
"1150317","11502","5871","中租-KY","其他","7503416","8079941","7780878","-7.135262497585069","-3.565947184880678","15583357","16043919","-2.8706327923994133","-"
"1150317","11502","5876","上海商銀","金融保險業","4229750","4918011","4204595","-13.994702329864655","0.5982740311492546","9147761","9076987","0.7797080683270782","-"
"1150317","11502","5880","合庫金","金融保險業","5202882","5365877","4397651","-3.037620877258275","18.310479844808057","10568759","9315999","13.447403762065667","-"
"1150317","11502","5906","台南-KY","貿易百貨","172281","158148","125838","8.936565748539342","36.90697563534068","330428","371164","-10.97520233643349","-"
"1150317","11502","5907","大洋-KY","貿易百貨","241595","247671","230936","-2.453254519099935","4.615564485398552","489266","539045","-9.234665009414798","-"
"1150317","11502","6005","群益證","金融保險業","2247805","2986272","1455293","-24.728725313702167","54.457212396404024","5234077","2753750","90.07088515660463","主係自營操作獲利增加"
"1150317","11502","6024","群益期","金融保險業","489013","-216509","193367","325.86266621710877","152.89372023147692","272504","395627","-31.120980115108424","差異原因: 自營部門從事套利交易，業內衍生工具利益增加所致。"
"1150317","11502","6108","競國","電子零組件業","279912","388898","301741","-28.02431485890902","-7.234349988897764","668810","686790","-2.617976382882686","-"
"1150317","11502","6112","邁達特","資訊服務業","1835671","1951443","1534027","-5.932635490762477","19.663539168476174","3787114","3132702","20.889698413701655","-"
"1150317","11502","6115","鎰勝","電子零組件業","407000","732588","546262","-44.44353442862837","-25.493627599942883","1139588","1084955","5.035508385140398","-"
"1150317","11502","6116","彩晶","光電業","857851","1054894","955211","-18.678938357787608","-10.192512439659929","1912745","1897849","0.784888576488435","-"
"1150317","11502","6117","迎廣","電腦及週邊設備業","181074","298280","174853","-39.29395199141746","3.5578457332730924","479354","416784","15.012572459595377","-"
"1150317","11502","6120","達運","光電業","1213432","1568666","1681351","-22.645610984110064","-27.829941517267958","2782098","3146005","-11.567273415013645","-"
"1150317","11502","6128","上福","電腦及週邊設備業","421767","432262","426125","-2.4279256561992497","-1.0227046054561455","854029","880397","-2.99501247732557","-"
"1150317","11502","6133","金橋","電子零組件業","75520","130776","70476","-42.25240105218083","7.157046370395595","206296","182057","13.313962110767507","-"
"1150317","11502","6136","富爾特","通信網路業","50724","57519","47607","-11.813487717102175","6.547356481189741","108243","90279","19.89831522280929","-"
"1150317","11502","6139","亞翔","其他電子業","5443622","6563074","3000867","-17.056824286911894","81.4016415922465","12006697","6498650","84.75678794826618","主要係工程進入施工高峰期，致本月營收較去年同期大幅增加。"
"1150317","11502","6141","柏承","電子零組件業","133185","163876","164341","-18.728184725036","-18.958141912243445","297061","301079","-1.3345334613174615","資料係自行結算數"
"1150317","11502","6142","友勁","通信網路業","134096","148814","128494","-9.890198502829035","4.359736641399598","282910","274904","2.9122893810202832","-"
"1150317","11502","6152","百一","通信網路業","89440","104550","127510","-14.452415112386419","-29.856481844561213","193990","202667","-4.281407431895671","-"
"1150317","11502","6153","嘉聯益","電子零組件業","285265","470357","342456","-39.35138628743699","-16.700247623052306","755622","822678","-8.150941194489217","-"
"1150317","11502","6155","鈞寶","電子零組件業","39592","59602","43323","-33.572698902721385","-8.612053643561158","99194","95121","4.281914614017935","-"
"1150317","11502","6164","華興","光電業","51119","68200","59564","-25.045454545454547","-14.178026996172184","119319","120209","-0.7403771764177391","-"
"1150317","11502","6165","浪凡","數位雲端","265857","319015","240117","-16.663166308794256","10.719774110121316","584872","540131","8.283360888377079","-"
"1150317","11502","6166","凌華","電腦及週邊設備業","971954","1041731","836765","-6.698178320506925","16.15614897850651","2013685","1564482","28.71257067834593","-"
"1150317","11502","6168","宏齊","光電業","162058","164060","139655","-1.2202852614896988","16.041674125523613","325957","290405","12.242213460512044","-"
"1150317","11502","6176","瑞儀","光電業","3354310","4755992","3540161","-29.471916689515037","-5.24978948697531","8110302","7939561","2.1505093291682","-"
"1150317","11502","6177","達麗","建材營造","1461086","2872832","223092","-49.14126548297986","554.9253222885626","4333918","386885","1020.2083306408881","本期營收較去年同期上升，主係本期「武東段二」完工過戶所致。"
"1150317","11502","6183","關貿","資訊服務業","195368","233520","186109","-16.337786913326482","4.975041507933523","428888","418321","2.526050568821551","-"
"1150317","11502","6184","大豐電","其他","182555","180362","175268","1.2158880473713976","4.157632882214665","362917","352178","3.0493102919546367","-"
"1150317","11502","6189","豐藝","電子通路業","1976850","2620119","2362701","-24.551136799511777","-16.33092803532906","4596969","5253309","-12.493839597099656","-"
"1150317","11502","6191","精成科","電子零組件業","2741655","3233631","1603143","-15.214351915849397","71.01749500824319","5975286","3275468","82.4254121853732","本公司自114年4月8日起新增合併子公司Lincstech，致使本月營收增幅達50%以上。"
"1150317","11502","6192","巨路","其他電子業","443353","634436","621618","-30.11856199837336","-28.677580121553753","1077789","1084730","-0.6398827357960045","-"
"1150317","11502","6196","帆宣","其他電子業","4165780","4710991","3950860","-11.573170061246136","5.439828290549399","8876771","8638235","2.7613974382498276","-"
"1150317","11502","6197","佳必琪","電子零組件業","537261","770199","446516","-30.243872038265437","20.322899963271194","1307460","1035063","26.316948823404953","-"
"1150317","11502","6201","亞弘電","其他電子業","148536","254242","223585","-41.57692277436458","-33.5662052463269","402778","522889","-22.9706496024969","-"
"1150317","11502","6202","盛群","半導體業","204585","302250","259139","-32.312655086848636","-21.052022273760414","506835","494996","2.391736498880799","-"
"1150317","11502","6205","詮欣","電子零組件業","68948","123401","107592","-44.12687093297461","-35.917168562718416","192348","247427","-22.260707198486827","-"
"1150317","11502","6206","飛捷","電腦及週邊設備業","500787","467072","457896","7.218373184434092","9.366974160071283","967859","902188","7.279081521811419","-"
"1150317","11502","6209","今國光","光電業","276011","444471","247564","-37.90123540118478","11.490766024139212","720482","533584","35.02691235119494","-"
"1150317","11502","6213","聯茂","電子零組件業","2609875","3163692","2394235","-17.505401916495032","9.006634687071235","5773567","4619161","24.991681389758877","-"
"1150317","11502","6214","精誠","資訊服務業","2879680","4461885","3110807","-35.46046121762439","-7.429808406628891","7341565","6316513","16.22813093236727","-"
"1150317","11502","6215","和椿","其他電子業","205585","256621","135946","-19.8876943040515","51.225486590263785","462206","277873","66.33713962853534","自動化零組件及設備 需求增加"
"1150317","11502","6216","居易","通信網路業","47336","43447","91072","8.95113586668815","-48.02354181307098","90783","132123","-31.289026134738084","-"
"1150317","11502","6224","聚鼎","電子零組件業","185243","267731","218280","-30.810029469878348","-15.135147516950706","452974","461641","-1.8774328969913852","-"
"1150317","11502","6225","天瀚","光電業","2137","1122","3138","90.46345811051694","-31.89929891650733","3259","5282","-38.29988640666414","-"
"1150317","11502","6226","光鼎","光電業","41018","55175","46118","-25.658359764386045","-11.058588837330326","96193","101680","-5.396341463414634","-"
"1150317","11502","6230","尼得科超眾","電腦及週邊設備業","632408","749128","644524","-15.5807819224485","-1.8798369028926774","1381536","1306250","5.763521531100478","-"
"1150317","11502","6235","華孚","電腦及週邊設備業","464861","622022","468457","-25.266148142670193","-0.7676264843945122","1086883","861679","26.135486648740425","-"
"1150317","11502","6239","力成","半導體業","6699962","7242567","4976445","-7.491887890025732","34.63349841101429","13942529","10039678","38.87426469255289","-"
"1150317","11502","6243","迅杰","半導體業","21293","34217","52602","-37.77069877546249","-59.52055054940877","55511","98917","-43.88123376163855","本月適逢農曆過年影響工作天數，加上記憶體缺貨因素導致客戶端量縮，影響本公司相關業務。"
"1150317","11502","6257","矽格","半導體業","1609154","1826693","1483705","-11.908897663701563","8.455117425633802","3435847","3093393","11.070497670357437","-"
"1150317","11502","6269","台郡","電子零組件業","1290043","2228068","1413097","-42.10037575154798","-8.708107086774652","3518111","3375832","4.2146350884759665","-"
"1150317","11502","6271","同欣電","半導體業","871781","952120","960143","-8.437906986514305","-9.203004135842265","1823901","1865144","-2.211250176930039","-"
"1150317","11502","6272","驊陞","電子零組件業","171697","311981","248898","-44.965558800055135","-31.01712348030117","483678","624610","-22.563199436448343","-"
"1150317","11502","6277","宏正","電腦及週邊設備業","410143","437585","369806","-6.271238730760881","10.907611017668724","847728","757774","11.870821643392357","-"
"1150317","11502","6278","台表科","光電業","3786737","4553735","3998084","-16.843272610285844","-5.286207093197642","8340472","8085896","3.1483956756307525","-"
"1150317","11502","6281","全國電","電子通路業","1401048","1610626","1240121","-13.01220767577327","12.976717594492795","3011674","2991219","0.6838349181387254","-"
"1150317","11502","6282","康舒","電子零組件業","2725840","2708662","2377932","0.634187654273586","14.630695915610707","5434502","4481351","21.269277947654626","-"
"1150317","11502","6283","淳安","其他電子業","82923","138076","153865","-39.94394391494539","-46.10665193513795","220998","309601","-28.618447614833286","-"
"1150317","11502","6285","啟碁","通信網路業","8173548","10135784","8781787","-19.359489113027664","-6.926141570047189","18309332","17917164","2.188783894594033","-"
"1150317","11502","6405","悅城","光電業","36","29","100","24.137931034482758","-64.0","65","148","-56.08108108108108","係出貨減少所致"
"1150317","11502","6409","旭隼","其他電子業","1099564","1691747","1302442","-35.00422935580793","-15.576739693590962","2791311","3183797","-12.32760757045754","-"
"1150317","11502","6412","群電","電子零組件業","2120547","2781151","2707087","-23.75289942904934","-21.66683228134153","4901698","5402025","-9.261841624205738","-"
"1150317","11502","6414","樺漢","電腦及週邊設備業","10818450","11520346","10477089","-6.092664230744458","3.2581664620773956","22338796","21759143","2.6639514249251453","-"
"1150317","11502","6415","矽力*-KY","半導體業","1364391","1718815","1333973","-20.620252906799163","2.2802560471613744","3083016","2508059","22.92438096551955","-"
"1150317","11502","6416","瑞祺電通","通信網路業","278338","318584","339353","-12.632775029505563","-17.979802742277215","596922","681702","-12.43651918286876","-"
"1150317","11502","6426","統新","通信網路業","37039","51560","34531","-28.163304887509696","7.26303900842721","88599","60226","47.11088234317405","-"
"1150317","11502","6431","光麗-KY","生技醫療業","21945","37512","25991","-41.49872040946897","-15.566927013196876","59457","71055","-16.32256702554359","-"
"1150317","11502","6438","迅得","其他電子業","511781","565533","469109","-9.504661973748659","9.096393375526796","1077315","977929","10.162905487003657","-"
"1150317","11502","6442","光聖","通信網路業","738625","954509","512631","-22.617282812419788","44.08512165670824","1693134","1527736","10.82634696046961","-"
"1150317","11502","6443","元晶","光電業","184488","165191","325527","11.681629144444916","-43.326360025435676","349679","586134","-40.34145775539382","-"
"1150317","11502","6446","藥華藥","生技醫療業","1600454","1580728","1021672","1.2479060281085677","56.65047099264735","3181182","2076783","53.178353251158164","本月及本年累計營收較去年成長，主要來自認列美國子公司PharmaEssentia USA Corp.之營收。"
"1150317","11502","6449","鈺邦","電子零組件業","301368","422843","260608","-28.72815678632495","15.640348722986248","724211","553681","30.79932307592278","-"
"1150317","11502","6451","訊芯-KY","半導體業","363869","616041","666004","-40.934288464566485","-45.36534315109218","979910","1208259","-18.899010890876873","主要係因與越南地區子公司之銷售組合發生改變，且恰逢二月份農曆年假期所致"
"1150317","11502","6456","GIS-KY","光電業","4469451","6655236","4148132","-32.84308775827033","7.746113190226348","11124687","9345047","19.043670941408855","-"
"1150317","11502","6464","台數科","其他","339814","355926","357892","-4.5267836572770745","-5.051244509516837","695740","735532","-5.409961769168438","-"
"1150317","11502","6472","保瑞","生技醫療業","1326086","1141976","1727254","16.122055104485558","-23.225767605690883","2468062","3363789","-26.628513262871124","停業單位營收累計為(5,294)千元"
"1150317","11502","6477","安集","光電業","76996","41447","43028","85.76977827104496","78.94394347866506","118444","81181","45.90113450191547","本月模組銷售量較去年同期增加，故整體合併營收上升。"
"1150317","11502","6491","晶碩","生技醫療業","556931","659524","525278","-15.55561283592409","6.025951972098584","1216455","1027268","18.416518376898726","-"
"1150317","11502","6504","南六","其他","387155","592344","534697","-34.640175303539834","-27.593571686394352","979499","1085866","-9.795591721262108","-"
"1150317","11502","6505","台塑化","油電燃氣業","45494799","53173547","54985671","-14.440917398269482","-17.260627773370267","98668346","114526218","-13.846499322975985","-"
"1150317","11502","6515","穎崴","半導體業","872646","885983","907369","-1.5053336237828492","-3.8267783007795066","1758629","1575406","11.630208339945385","-"
"1150317","11502","6525","捷敏-KY","半導體業","400574","461800","386899","-13.258120398440884","3.5345141755341833","862374","772207","11.676532328766768","-"
"1150317","11502","6526","達發","半導體業","1803847","1836660","1760812","-1.7865582089227183","2.4440428620431938","3640507","3505372","3.8550829983237156","-"
"1150317","11502","6531","愛普*","半導體業","672381","613472","272572","9.602557247926555","146.68014322821125","1285853","589178","118.24525016209023","因市場需求相對增加所致"
"1150317","11502","6533","晶心科","半導體業","89855","102956","80040","-12.724853335405417","12.262618690654673","192811","175536","9.841286117947316","-"
"1150317","11502","6534","正瀚-創","生技醫療業","272876","219296","267333","24.43273019115716","2.0734439818503514","492172","485401","1.39492914106069","-"
"1150317","11502","6541","泰福-KY","生技醫療業","22721","17649","7129","28.73817213439855","218.7123018656193","40370","10466","285.72520542709725","CDMO業務主要採完工比例認列，依投入工時計算；另2025/6開始TX-01在美國開賣"
"1150317","11502","6550","北極星藥業-KY","生技醫療業","16944","18429","4007","-8.057952140647892","322.8599950087347","35373","5347","561.5485318870394","子公司CDMO代工收入。本月增減變動達50%主係因CDMO代工收入係依合約內容進行之進度隨之認列相關收入所致。"
"1150317","11502","6552","易華電","半導體業","81128","103556","145354","-21.657846962030206","-44.185918516174304","184684","297496","-37.920509855594695","-"
"1150317","11502","6558","興能高","其他電子業","42282","69483","67303","-39.14770519407625","-37.17664888637951","111765","171702","-34.907572421986934","-"
"1150317","11502","6573","虹揚-KY","半導體業","40634","67824","64303","-40.08905402217504","-36.80854703513055","108458","142914","-24.10960437745777","-"
"1150317","11502","6579","研揚","電腦及週邊設備業","701161","755958","578793","-7.24868312789864","21.141928115924","1457119","1137944","28.048392539527427","-"
"1150317","11502","6581","鋼聯","綠能環保","198385","106638","122244","86.03593465743919","62.28608357056379","305023","307244","-0.7228782335863353","今年2月銷貨數量較去年2月增加。"
"1150317","11502","6582","申豐","橡膠工業","33342","37436","94501","-10.935997435623465","-64.71783367371773","70778","203637","-65.24305504402442","本月及本年累計營業收入受市場狀況影響，營收減少。"
"1150317","11502","6585","鼎基","其他","184921","281713","237760","-34.35837181812696","-22.223670928667563","466634","555572","-16.00836615236189","-"
"1150317","11502","6589","台康生技","生技醫療業","84957","108766","42346","-21.890112719048233","100.62579700562037","193723","92455","109.53220485641664","本月營收較去年同期增加主係委託研究開發暨生產服務(CDMO)業務成長及EG1206A授權簽約金逐步認列所致。"
"1150317","11502","6591","動力-KY","電腦及週邊設備業","71254","146450","108460","-51.34585182656197","-34.303890835330996","217704","243183","-10.477294876697796","-"
"1150317","11502","6592","和潤企業","其他","1840274","2019817","2005033","-8.889072623906028","-8.21727123693226","3860091","4045069","-4.57292570287429","-"
"1150317","11502","6598","ABC-KY","生技醫療業","71891","79026","39657","-9.02867410725584","81.2819930907532","150925","81700","84.73072215422276","本年度累積營收增長，主係市場開發成果與客戶需求提升，致使出貨增加。"
"1150317","11502","6605","帝寶","汽車工業","1530123","1629144","1417839","-6.078099910136857","7.9193758952885345","3159267","3121987","1.194111314364858","-"
"1150317","11502","6606","建德工業","電機機械","32821","69095","37431","-52.49873362761416","-12.315994763698539","101916","99616","2.3088660456151624","-"
"1150317","11502","6614","資拓宏宇","數位雲端","360554","517114","259094","-30.2757225679444","39.15953283364339","877668","461296","90.26135062953071","1月有大型政府專案驗收，故本年累計合併營收較去年增加超過50%。"
"1150317","11502","6625","必應","其他","102261","253982","129774","-59.73691048971975","-21.200702760183088","356243","303690","17.304817412493","-"
"1150317","11502","6641","基士德-KY","綠能環保","68777","165870","96940","-58.535600168806894","-29.05199092221993","234647","240279","-2.343941834284311","-"
"1150317","11502","6645","金萬林-創","生技醫療業","35863","45124","32017","-20.523446502969595","12.01236842927195","80987","65247","24.123714500283537","-"
"1150317","11502","6655","科定","其他","145088","268484","187867","-45.9602806871173","-22.770896432050332","413572","334850","23.509631178139465","-"
"1150317","11502","6657","華安","生技醫療業","270","391","295","-30.946291560102303","-8.474576271186441","661","727","-9.07840440165062","-"
"1150317","11502","6658","聯策","其他電子業","200472","201960","211494","-0.7367795603089721","-5.211495361570541","402432","351623","14.449851118954108","-"
"1150317","11502","6666","羅麗芬-KY","生技醫療業","58398","67425","66741","-13.38820912124583","-12.500561873511035","125823","128678","-2.2187164861126223","-"
"1150317","11502","6668","中揚光","光電業","67166","117143","65807","-42.66324065458457","2.065129849408118","184309","148724","23.926871251445633","-"
"1150317","11502","6669","緯穎","電腦及週邊設備業","94633137","83225290","46516815","13.707188043442084","103.43855657357453","177858427","84023212","111.6777290065988","主要係客戶需求強勁"
"1150317","11502","6670","復盛應用","運動休閒","2415317","3168074","1867662","-23.760713922717713","29.323025258317617","5583391","5535930","0.8573265919186117","-"
"1150317","11502","6671","三能-KY","居家生活","71181","160654","110485","-55.69297994447695","-35.57405982712586","231835","239539","-3.216177741411628","-"
"1150317","11502","6672","騰輝電子-KY","電子零組件業","355411","409757","339959","-13.262982694621446","4.545253986510138","765168","656787","16.501696897167577","-"
"1150317","11502","6674","鋐寶科技","通信網路業","23273","16376","62812","42.116511968734734","-62.94816277144495","39649","123105","-67.79253482799237","因產線調整，遞延出貨。"
"1150317","11502","6689","伊雲谷","數位雲端","913411","1052685","1025947","-13.230358559303115","-10.968987676751333","1966097","2073832","-5.194972398921417","-"
"1150317","11502","6691","洋基工程","其他電子業","1802251","2366859","1314660","-23.854737438943342","37.088752985562806","4169110","2626328","58.74292929139087","本年營收較去年同期增加58.74%，主要係因本年正在投入進行的專案較去年同期增加所致。"
"1150317","11502","6695","芯鼎","半導體業","75304","90180","80340","-16.49589709469949","-6.268359472242968","165485","150356","10.062119237010828","-"
"1150317","11502","6698","旭暉應材","其他電子業","46253","69402","56187","-33.35494654332728","-17.680246320323207","115655","110782","4.398729035402863","-"
"1150317","11502","6706","惠特","光電業","54091","50389","143771","7.346841572565441","-62.376974494160855","104480","283036","-63.08596786274538","主係因公司積極轉型，產品仍處於驗證狀態，客戶尚未放量，致使本期營收相較去年同期下降"
"1150317","11502","6715","嘉基","電子零組件業","126310","190613","107278","-33.734844947616374","17.740822908704487","316923","258241","22.723734805859642","-"
"1150317","11502","6719","力智","半導體業","244986","383626","247172","-36.139364902274615","-0.884404382373408","628612","588055","6.8968038703862735","-"
"1150317","11502","6722","輝創","其他電子業","379500","414083","443089","-8.351707266417602","-14.351292855385713","793583","868596","-8.63612082026627","-"
"1150317","11502","6742","澤米","光電業","25947","30977","42798","-16.23785389159699","-39.37333520257956","56924","88310","-35.540708866493034","-"
"1150317","11502","6743","安普新","其他電子業","212446","461876","279866","-54.0036719812244","-24.090100262268372","674322","729193","-7.524893958115341","-"
"1150317","11502","6753","龍德造船","航運業","289815","566571","355411","-48.8475407318765","-18.456378671453614","856386","841247","1.7995903700102347","-"
"1150317","11502","6754","匯僑設計","居家生活","149915","201687","246933","-25.669477953462543","-39.28919990442752","351602","471481","-25.426051102801598","-"
"1150317","11502","6756","威鋒電子","半導體業","106600","162211","124577","-34.2831250655011","-14.430432583863794","268811","264700","1.5530789573101624","-"
"1150317","11502","6757","台灣虎航","航運業","2088781","1659590","1527719","25.861266939424798","36.72547111085219","3748371","3219543","16.425561019063885","-"
"1150317","11502","6768","志強-KY","運動休閒","1382717","1526751","1840160","-9.434020347784282","-24.858870967741936","2909468","3485670","-16.530595265759523","-"
"1150317","11502","6770","力積電","半導體業","4222757","4618023","3769948","-8.559203797815645","12.011014475531228","8840780","7427108","19.033949688088555","-"
"1150317","11502","6771","平和環保-創","綠能環保","34089","47709","54413","-28.54807269068729","-37.351368239207545","81798","105539","-22.495001847658212","-"
"1150317","11502","6776","展碁國際","電子通路業","2113615","2897288","2186878","-27.048501909371797","-3.350118296493906","5010904","4258429","17.670248817110725","-"
"1150317","11502","6781","AES-KY","電子零組件業","1484198","1540113","1188514","-3.630577756307492","24.87846167567231","3024311","2240091","35.008399212353424","-"
"1150317","11502","6782","視陽","生技醫療業","378591","376444","339105","0.5703371550615762","11.644181005883134","755035","590466","27.87103745177538","-"
"1150317","11502","6789","采鈺","半導體業","753310","772684","701476","-2.507363941792505","7.389276325918492","1525994","1400481","8.962135152137016","無"
"1150317","11502","6790","永豐實","造紙工業","753496","918827","822275","-17.993702840687092","-8.364476604542276","1672323","1719878","-2.7650217050279147","-"
"1150317","11502","6792","詠業","通信網路業","100276","115210","98326","-12.962416456904782","1.983198747025202","215486","203406","5.938861193868421","-"
"1150317","11502","6794","向榮生技","生技醫療業","2630","1779","919","47.835862844294546","186.18063112078346","4409","4289","2.7978549778503146","本期營業收入較去年同期增加，主係銷貨收入增加所致。"
"1150317","11502","6796","晉弘","生技醫療業","44509","42562","41177","4.574503077862882","8.09189596133764","87071","78188","11.361078426356986","-"
"1150317","11502","6799","來頡","半導體業","68430","80648","71679","-15.149786727507191","-4.532708324613903","149078","152645","-2.3367945232401977","-"
"1150317","11502","6805","富世達","電子零組件業","1179230","1404405","780277","-16.03348037069079","51.129662927396296","2583635","1431173","80.5256946574593","較去年同期客戶需求增加"
"1150317","11502","6806","森崴能源","綠能環保","851466","428960","1694170","98.49543080939948","-49.741407296788395","1280426","4481127","-71.4262505838375","主要係因離岸之主要工程依完工比例認列收入所致"
"1150317","11502","6807","峰源-KY","居家生活","214823","320172","295546","-32.903876666291865","-27.313176290662028","534995","702778","-23.874253320394207","-"
"1150317","11502","6830","汎銓","其他電子業","152439","202054","121200","-24.555316895483386","25.774752475247524","354493","282206","25.614976293912957","-"
"1150317","11502","6831","邁科","電腦及週邊設備業","225956","314337","157045","-28.11663914842987","43.879779680983155","540293","339758","59.022892764850276","業績成長"
"1150317","11502","6834","天二科技","電子零組件業","114703","139205","112737","-17.601379260802414","1.7438817779433549","253909","225619","12.53883759789734","-"
"1150317","11502","6835","圓裕","電子零組件業","142866","221018","163634","-35.36001592630465","-12.691738880672721","363884","381587","-4.639308991134394","-"
"1150317","11502","6838","台新藥","生技醫療業","1308","0","594","","120.20202020202021","1308","594","120.20202020202021","認列授權收入等"
"1150317","11502","6854","錼創科技-KY創","半導體業","32020","48764","99090","-34.33680584037405","-67.68594207286306","80784","221443","-63.51928035657031","主要係因工程收入減少所致"
"1150317","11502","6861","睿生光電","生技醫療業","260053","256670","180590","1.3180348307164842","44.001882717758455","516723","357017","44.73344406568875","-"
"1150317","11502","6862","三集瑞-KY","電子零組件業","107420","183004","207618","-41.301829468208346","-48.26074810469227","290424","392713","-26.04675679185563","-"
"1150317","11502","6863","永道-KY","通信網路業","312896","403750","307607","-22.5025386996904","1.7194017041224678","716646","733599","-2.310935538352697","-"
"1150317","11502","6869","雲豹能源","綠能環保","562434","355674","332647","58.13188481587071","69.07833228617724","918108","621376","47.75401689154393","本月營收增加，主要係因承包工程案件依進度認列工程收入及發售電業務成長所致。"
"1150317","11502","6873","泓德能源","綠能環保","325622","316035","317217","3.033524767826348","2.6496057903580197","641657","754113","-14.912353984084612","-"
"1150317","11502","6885","全福生技","生技醫療業","632","987","34","-35.96757852077001","1758.8235294117646","1619","67","2316.417910447761","諮詢服務收入、含子公司營業收入"
"1150317","11502","6887","寶綠特-KY","綠能環保","215317","280206","347776","-23.15760547597125","-38.0874470923813","495523","886694","-44.11567011843996","-"
"1150317","11502","6890","來億-KY","運動休閒","1776161","2521973","2516798","-29.57256084819306","-29.42774906845921","4298134","6182600","-30.48015398052599","-"
"1150317","11502","6901","鑽石投資","其他","-235145","-16238","409484","-1348.1155314693929","-157.42471012298404","-251383","100240","-350.7811252992817","營業收入為投資標的之評價損益(含已實現及未實現)，投資標的的股數及公允價值變動情形，請參考本公司網站投資人專區/財務資訊。"
"1150317","11502","6902","GOGOLOOK","數位雲端","90876","104361","77962","-12.921493661425245","16.56448013134604","195237","153923","26.840693073809632","-"
"1150317","11502","6906","現觀科","數位雲端","25424","24367","25318","4.337833955759839","0.4186744608578877","49791","49333","0.9283846512476436","-"
"1150317","11502","6909","創控","半導體業","18760","33281","31911","-43.63150145728794","-41.21149446899189","52041","75682","-31.237282312835283","-"
"1150317","11502","6914","阜爾運通","其他","468401","472224","427275","-0.8095734227824084","9.625182844772102","940625","870210","8.091724985922939","-"
"1150317","11502","6916","華凌","光電業","126614","180950","157418","-30.02818458137607","-19.56828316965023","307564","346416","-11.21541730174126","-"
"1150317","11502","6918","愛派司","生技醫療業","74229","71401","69691","3.9607288413327546","6.511601211060252","145630","132905","9.574508107294685","-"
"1150317","11502","6919","康霈*","生技醫療業","0","0","0","","","0","0","","本公司新藥仍在研發階段，目前營收來源為健康食品銷售，僅於出貨予代理商之月份認列營收，因並非每月固定出貨致使營收變動。"
"1150317","11502","6921","嘉雨思-創","半導體業","9748","9302","23795","4.794667813373468","-59.033410380332","19050","43968","-56.673034934497814","受記憶體漲價影響，客戶調降消費性電子商品生產量，使公司營收隨之下滑。"
"1150317","11502","6923","中台","綠能環保","90189","112058","92681","-19.515786467722073","-2.6887927406911882","202247","194125","4.183902124919511","-"
"1150317","11502","6924","榮惠-KY創","電子零組件業","154271","176441","129344","-12.565106749565011","19.27186417615042","330712","299654","10.364620529010125","-"
"1150317","11502","6928","攸泰科技","電腦及週邊設備業","136910","237433","183659","-42.33741729245724","-25.45423856168225","374343","399087","-6.200151846589842","-"
"1150317","11502","6931","青松健康","生技醫療業","89639","105185","84277","-14.779673907876598","6.362352717823368","194824","168224","15.81225033288948","-"
"1150317","11502","6933","AMAX-KY","電腦及週邊設備業","428387","627823","552773","-31.76627807518998","-22.502184440991147","1056210","1074430","-1.6957828802248633","-"
"1150317","11502","6934","心誠鎂","生技醫療業","18","41","205","-56.09756097560975","-91.21951219512195","59","554","-89.35018050541517","差異主係本公司出貨或者勞務收入係按照客戶需求，並非固定每月發生，營收波動大係本行業常見之情事，故兩期相比有較大差異。"
"1150317","11502","6936","永鴻生技","生技醫療業","92334","143810","104617","-35.79445101175162","-11.740921647533384","236144","226428","4.290988746974755","-"
"1150317","11502","6937","天虹","半導體業","142862","152619","108844","-6.39304411639442","31.253904670905147","295481","234612","25.944538216289022","-"
"1150317","11502","6944","兆聯實業","綠能環保","1816507","1377223","905540","31.89635955832861","100.59931090840824","3193730","1814093","76.05106243174964","本公司因推進美國專案工程，致本月營收較去年同期明顯成長。"
"1150317","11502","6949","沛爾生醫-創","生技醫療業","1971","1979","1223","-0.40424456796361796","61.16107931316435","3950","10362","-61.879945956379075","本月較去年同期增加係因細胞治療案件數量增加；本年累計較去年同期減少係因去年認列新客戶委任規劃廠房設計收入"
"1150317","11502","6951","青新-創","綠能環保","62544","73950","53082","-15.42393509127789","17.82525149768283","136493","113947","19.786391919050086","-"
"1150317","11502","6952","大武山","其他","167264","200611","133062","-16.62271759773891","25.703807247749168","367875","291085","26.38061047460364","-"
"1150317","11502","6955","邦睿生技-創","生技醫療業","26906","26381","23802","1.9900686099844584","13.0409209310142","53287","45160","17.99601417183348","-"
"1150317","11502","6957","裕慶-KY","其他","218946","287494","153041","-23.84328020758694","43.06362347344829","506440","501017","1.0823984016510417","-"
"1150317","11502","6958","日盛台駿","其他","750367","925154","870793","-18.89274650490621","-13.829463489026669","1675521","1894637","-11.565064970229125","-"
"1150317","11502","6962","奕力-KY","半導體業","1074970","1464428","1464794","-26.594547495677492","-26.6128889113418","2539398","2987543","-15.000453549957273","-"
"1150317","11502","6965","中傑-KY","運動休閒","1406641","1645122","1720171","-14.496250126130464","-18.226676301367714","3051763","3781536","-19.298322163269106","-"
"1150317","11502","6969","成信實業*-創","綠能環保","23839","30164","24985","-20.968704415859964","-4.5867520512307385","54003","47436","13.843916013154566","-"
"1150317","11502","6988","威力暘-創","汽車工業","49409","61385","81978","-19.509652195161685","-39.72895166996023","110794","152130","-27.171498060868995","-"
"1150317","11502","6994","富威電力","綠能環保","166073","332789","139351","-50.09660776047285","19.176037488069696","498862","294587","69.3428426916327","依進度認列工程收入"
"1150317","11502","7610","聯友金屬-創","綠能環保","269795","268780","76439","0.3776322643053799","252.9546435719986","538575","127862","321.21584207974223","2月單月及累積合併營收較去年同期分別增加253%及321%，主要在於鎢製品出貨價格較去年同期增加，以及產品品項增加所致。"
"1150317","11502","7631","聚賢研發-創","其他電子業","135796","150218","74989","-9.60071362952509","81.08789289095733","286014","126109","126.79903892664282","本月營收較去年同期成長，主要受惠於新加坡訂單挹注。"
"1150317","11502","7705","三商餐飲","觀光餐旅","562456","512673","453673","9.710478219059713","23.978283918152503","1075129","1023472","5.047231384932856","-"
"1150317","11502","7711","永擎","電腦及週邊設備業","525774","4816791","526548","-89.0845585785225","-0.14699514574169875","5342565","3473455","53.811262849238005","顧客需求強勁"
"1150317","11502","7721","微程式","數位雲端","52316","41522","40179","25.995857617648475","30.207322233007293","93838","81198","15.566885883888766","-"
"1150317","11502","7722","LINEPAY","數位雲端","677149","719619","584539","-5.901734112078753","15.843254256773287","1396768","1207881","15.637881546278152","-"
"1150317","11502","7730","暉盛-創","半導體業","20079","40474","5368","-50.39037406730247","274.0499254843517","60553","40767","48.53435376652685","客戶機台正常出貨"
"1150317","11502","7732","金興精密","汽車工業","81752","88385","100939","-7.504667081518357","-19.00851009025253","170137","190340","-10.614164127351057","-"
"1150317","11502","7736","虎山","汽車工業","109429","132958","145842","-17.696565832819388","-24.967430506987014","242387","274972","-11.850297484834819","-"
"1150317","11502","7740","熙特爾-創","綠能環保","465325","800283","75641","-41.85494381362593","515.1756322629262","1265608","189266","568.692739319265","本月及本年營收較去年同期營收增加，主要係因依專案進度認列收入所致。"
"1150317","11502","7749","意騰-KY","半導體業","163726","183585","93654","-10.817332570743798","74.82008243107609","347311","222392","56.17063563437534","市場需求增加"
"1150317","11502","7750","新代","電機機械","941778","1676314","917302","-43.81852087377425","2.6682597443371976","2618091","1743395","50.171992004106926","114年開發客戶，穩固市場關係策略成功，成果發酵相較去年表現優異。"
"1150317","11502","7765","中華資安","數位雲端","151059","223289","178427","-32.34821240634335","-15.338485767288583","374348","334103","12.045686509848759","-"
"1150317","11502","7769","鴻勁","半導體業","3095968","3340793","1971745","-7.3283498857905895","57.01665276189365","6436761","3892392","65.36774816102798","主要係因市場需求較去年同期成長所致。"
"1150317","11502","7780","大研生醫*","食品工業","135700","138385","114354","-1.9402391877732412","18.66659670846669","274085","200117","36.96237700944947","-"
"1150317","11502","7786","東方風能","綠能環保","341377","319988","340837","6.684313161743566","0.15843350340485335","661365","537267","23.098012719932548","-"
"1150317","11502","7788","松川精密","電子零組件業","520666","675951","458354","-22.972819035699334","13.594732455700179","1196617","1037711","15.31312667977886","-"
"1150317","11502","7791","皇家可口","食品工業","176173","139787","157423","26.029602180460273","11.910584857358836","315960","346015","-8.686039622559715","-"
"1150317","11502","7795","長廣","電子零組件業","161180","128285","208874","25.642124956152315","-22.83386156247307","289465","358866","-19.33897332151834","-"
"1150317","11502","7799","禾榮科","生技醫療業","190","1666","0","-88.5954381752701","","1856","0","","使用硼中子捕獲治療(BNCT)之恩慈治療照射費及藥品收入"
"1150317","11502","7823","奧義賽博-KY創","數位雲端","27062","33184","25423","-18.44864995178399","6.446918144986823","60246","48768","23.535925196850393","-"
"1150317","11502","8011","台通","通信網路業","132308","156018","166752","-15.196964452819547","-20.655824218000383","288326","277046","4.071526028168607","-"
"1150317","11502","8016","矽創","半導體業","1370135","1780114","1244312","-23.03105306738782","10.111852975780995","3150249","2647088","19.008094932998073","-"
"1150317","11502","8021","尖點","其他電子業","413306","453191","290102","-8.800924996303987","42.469200488104185","866497","574829","50.73995918786282","YoY:在市場需求增加與產品結構持續升級的雙重推動下,2026年累積較去年同期增加50.74%。MoM:主要係2月份工作天數較少所致。"
"1150317","11502","8028","昇陽半導體","半導體業","408257","420144","344093","-2.829268060474504","18.64728430976509","828401","704164","17.643191074806438","-"
"1150317","11502","8033","雷虎","其他","96506","158127","134627","-38.969309479089596","-28.316013875374182","254641","220947","15.249811040656809","-"
"1150317","11502","8039","台虹","電子零組件業","637849","876246","669905","-27.206629188606854","-4.785156104223733","1514095","1410991","7.307204652616495","自結數尚未經會計師簽證，特此說明。"
"1150317","11502","8045","達運光電","通信網路業","119217","161815","107130","-26.325124370423016","11.282553906468776","281032","176010","59.668200670416454","產品品項增換"
"1150317","11502","8046","南電","電子零組件業","3166126","3720425","2805847","-14.898808603855743","12.840293857790535","6886551","5371972","28.194097065286268","-"
"1150317","11502","8070","長華*","電子通路業","1597710","1777993","1496173","-10.13969121363245","6.786447823881329","3375703","2957400","14.144282139717319","-"
"1150317","11502","8072","陞泰","電子通路業","89134","136441","102100","-34.67212934528477","-12.699314397649363","225575","171388","31.616565920601207","-"
"1150317","11502","8081","致新","半導體業","598138","787471","696113","-24.043171113602913","-14.07458271861034","1385610","1425400","-2.791497123614424","-"
"1150317","11502","8101","華冠","通信網路業","33061","37174","23179","-11.064184645182117","42.633418180249365","70235","51395","36.65726237960891","-"
"1150317","11502","8103","瀚荃","電子零組件業","214255","363085","220803","-40.99040169657243","-2.9655394174897984","577340","473695","21.88011273076558","係本公司自結合併營收"
"1150317","11502","8104","錸寶","光電業","93335","137352","203230","-32.04685770866096","-54.07420164345815","230687","392563","-41.235674273938194","主係因子公司營收變動所致"
"1150317","11502","8105","凌巨","光電業","616799","775061","696858","-20.41929602960283","-11.488567254734823","1391860","1345529","3.4433297238483895","-"
"1150317","11502","8110","華東","半導體業","628531","682833","588499","-7.9524568964885995","6.802390488344075","1311364","1202637","9.040716359134136","-"
"1150317","11502","8112","至上","電子通路業","31218239","25631121","13182805","21.79818042293195","136.81029189159668","56849360","28040540","102.73989017329909","營收變化原因說明：營收大幅成長，主要記憶體等零組件價格持續上漲，伺服器及手機客戶等客戶拉貨動能增加所致。"
"1150317","11502","8114","振樺電","電腦及週邊設備業","1191144","1049073","1899152","13.542527545747532","-37.28021769716168","2240217","3284487","-31.794006187267602","-"
"1150317","11502","8131","福懋科","半導體業","881151","1031067","711554","-14.539889260348746","23.834733555007773","1912218","1458335","31.123370144719836","-"
"1150317","11502","8150","南茂","半導體業","2143616","2290436","1755398","-6.410133267203275","22.115668355552415","4434052","3500704","26.661722899165426","-"
"1150317","11502","8162","微矽電子-創","半導體業","78969","93425","98132","-15.473374364463474","-19.52777891003954","172394","189402","-8.979841817932229","-"
"1150317","11502","8163","達方","電腦及週邊設備業","1790524","1852652","1605101","-3.3534630356915383","11.5521079358869","3643176","3513544","3.689494140389305","-"
"1150317","11502","8201","無敵","其他電子業","21304","55625","34199","-61.70067415730337","-37.705780870785695","76929","71772","7.185253302123391","-"
"1150317","11502","8210","勤誠","電腦及週邊設備業","1950400","2650248","1303548","-26.40688720451822","49.62241513162538","4600648","2421744","89.9725156746543","終端客戶所需產品大量出貨"
"1150317","11502","8213","志超","電子零組件業","1274098","1975382","1379176","-35.501184074776425","-7.618897080575648","3249480","2857636","13.712173278892063","-"
"1150317","11502","8215","明基材","光電業","1338991","1601545","1560346","-16.393794741952302","-14.1862766335159","2940536","2922710","0.6099134022876029","-"
"1150317","11502","8222","寶一","電機機械","63005","81047","66333","-22.261157106370376","-5.017110638746928","144052","152803","-5.7269818000955475","-"
"1150317","11502","8249","菱光","電子零組件業","224821","411268","370038","-45.3346722818211","-39.243807392754256","636089","749385","-15.118530528366595","-"
"1150317","11502","8261","富鼎","半導體業","222389","288877","230060","-23.01602412099267","-3.334347561505694","511266","472116","8.292453549551382","-"
"1150317","11502","8271","宇瞻","半導體業","1879562","2092486","639700","-10.175647531214068","193.81929029232452","3972048","1267414","213.39783212115378","本月營收較去年同期增加係因市場價格大幅上漲所致"
"1150317","11502","8341","日友","綠能環保","342291","388290","302406","-11.846557985011202","13.189222436062776","730581","611165","19.53907700866378","-"
"1150317","11502","8367","建新國際","航運業","225489","268418","253590","-15.993338747773993","-11.0812729208565","493907","514441","-3.991517005837404","-"
"1150317","11502","8374","羅昇","電機機械","343505","477605","330626","-28.077595502559646","3.8953379347056796","821110","685474","19.78718375897554","-"
"1150317","11502","8404","百和興業-KY","其他","424824","743266","556143","-42.84361184286649","-23.61245219305107","1168090","1158501","0.827707528953363","-"
"1150317","11502","8411","福貞-KY","其他","693170","1207040","677626","-42.57273992576882","2.2938907302848475","1900210","1497033","26.931737643725956","-"
"1150317","11502","8422","可寧衛*","綠能環保","284412","331238","494802","-14.136663064020432","-42.52003831835765","615650","969096","-36.471722099771334","-"
"1150317","11502","8429","金麗-KY","貿易百貨","3220","8903","4692","-63.832416039537236","-31.372549019607842","12124","20622","-41.208418194161574","因中國消費者購買力出現明顯放緩，令代理商減少提貨，公司營收減少。"
"1150317","11502","8438","昶昕","綠能環保","367571","409271","285901","-10.188847976035438","28.565832228638584","776842","543146","43.02636860070773","-"
"1150317","11502","8442","威宏-KY","其他","673958","618585","613856","8.951558799518255","9.790895584632226","1292543","1292333","0.0162496817770652","-"
"1150317","11502","8443","阿瘦","貿易百貨","103379","97072","97203","6.497239162683369","6.353713362756293","200451","207951","-3.6066188669446166","-"
"1150317","11502","8454","富邦媒","數位雲端","8129041","9322566","8300701","-12.802537412982648","-2.068018110759561","17451607","17449051","0.014648361105712856","-"
"1150317","11502","8462","柏文","運動休閒","489325","557796","450991","-12.275276265874979","8.499947892530006","1047121","878254","19.227581087020383","-"
"1150317","11502","8463","潤泰材","其他","472245","642992","577117","-26.555073780078136","-18.171705217486227","1115237","1122982","-0.6896815799362768","-"
"1150317","11502","8464","億豐","居家生活","2055740","2365768","2103103","-13.104750761697682","-2.252053275564725","4421508","4628326","-4.468527065725275","-"
"1150317","11502","8466","美吉吉-KY","其他","214530","314904","271797","-31.874476030790337","-21.069768981997594","529434","580024","-8.722052880570459","-"
"1150317","11502","8467","波力-KY","運動休閒","119746","261859","197816","-54.27080986332339","-39.46596837465119","381605","393680","-3.067211948790896","-"
"1150317","11502","8473","山林水","綠能環保","262741","378342","269665","-30.55463046661486","-2.567630207850481","641083","573971","11.692576802660762","-"
"1150317","11502","8476","台境*","綠能環保","109781","118478","76538","-7.340603318759601","43.43332723614414","228259","128848","77.15370048429156","工案進入密集施工期，故營收較去年明顯成長。"
"1150317","11502","8478","東哥遊艇","運動休閒","794167","31328","316235","2435.00702247191","151.13191139500688","825495","637680","29.452860368837033","主係認列遊艇銷貨收入增加所致"
"1150317","11502","8481","政伸","其他","62115","113145","87732","-45.10141853373989","-29.19915196279579","175260","191835","-8.640237704277114","-"
"1150317","11502","8482","商億-KY","居家生活","245401","336859","214307","-27.15023199617644","14.509092096851713","582260","495947","17.403674182926803","-"
"1150317","11502","8487","愛爾達-創","數位雲端","72177","48355","81269","49.264812325509254","-11.187537683495552","120532","144108","-16.359952258028702","-"
"1150317","11502","8488","吉源-KY","其他","247656","367882","172875","-32.68058779717409","43.25726681127983","615539","407938","50.890331373885246","因本月適逢農曆年節，客戶於年節前拉貨較多，故本年營收較去年同期增加。"
"1150317","11502","8499","鼎炫-KY","其他電子業","286581","343999","159307","-16.69132759106858","79.89228345270453","630581","346555","81.95697652609255","較去年同期增加比率大於50%係因於2025年8、9月分別收購常州威斯雙聯科技有限公司及蘇州德佑新材料科技有限公司所致"
"1150317","11502","8926","台汽電","油電燃氣業","2939452","5489611","734149","-46.45427517541771","300.38902184706376","8429063","1204455","599.8238207321983","本月及累計合併營業收入較去年同期增加，主要係自115年起因將森霸、星電、星元納入為子公司，故併入合併營收計算。"
"1150317","11502","8940","新天地","觀光餐旅","222612","251395","111519","-11.449312834384136","99.61800231350712","474007","442475","7.126278320809085","本月較去年同月營收增加100.09%，係春節較去年晚一個月所致。"
"1150317","11502","8996","高力","電機機械","933818","1216032","305442","-23.207777426909818","205.7267828261994","2149850","596926","260.15351986678417","115年2月營收較去年同期增加205.73%，主要係板式熱交換器及熱能產品之營業額，較去年同期分別增加23.37%及增加303.17%所致。"
"1150317","11502","9105","泰金寶-DR","存託憑證","8529037","11183616","10661373","-23.736321061095087","-20.000575910813737","19712654","22705662","-13.181769375409534","-"
"1150317","11502","912000","晨訊科-DR","存託憑證","146227","124585","128923","17.371272625115385","13.421965048905161","270812","306687","-11.697593963878482","-"
"1150317","11502","9802","鈺齊-KY","運動休閒","1028435","1452365","951037","-29.18894355069146","8.138274325814873","2480800","2480999","-0.008020962523564096","-"
"1150317","11502","9902","台火","其他","4031","4110","58284","-1.9221411192214113","-93.08386521172191","8141","60761","-86.60160300192558","本月及累計營收較去年同期減少主要係本月無出售投標車輛營業收入所致。"
"1150317","11502","9904","寶成","運動休閒","21360382","22348118","18625126","-4.419772617989578","14.685838903854933","43708500","45223658","-3.350365863814024","-"
"1150317","11502","9905","大華","其他","607874","981185","564073","-38.04695342876216","7.765129690660606","1589059","1274795","24.65212053702752","-"
"1150317","11502","9906","欣巴巴","建材營造","190249","292204","42179","-34.89171948364841","351.0514711112165","482453","81260","493.7152350479941","本月營收與去年同期之差異，主係本月新個案及成屋仍持續入帳。"
"1150317","11502","9907","統一實","其他","2271308","4314609","3002381","-47.35773276327009","-24.349774395721262","6585917","6819943","-3.4314949553097436","-"
"1150317","11502","9908","大台北","油電燃氣業","294485","329343","316584","-10.58410228849558","-6.980453844793167","623828","631523","-1.218482937280194","-"
"1150317","11502","9910","豐泰","運動休閒","5811893","6825722","6628765","-14.85306609322794","-12.323140132437942","12637615","13578093","-6.926436576918423","合併營業收入為本公司自結數."
"1150317","11502","9911","櫻花","居家生活","862651","1097374","853085","-21.38951715641158","1.1213419530292996","1960025","1840881","6.472118512820764","-"
"1150317","11502","9912","偉聯","電腦及週邊設備業","35996","40720","43116","-11.601178781925343","-16.513591242230262","76716","81228","-5.554734820505245","-"
"1150317","11502","9914","美利達","運動休閒","1696693","1391355","2177014","21.945369801380668","-22.06329403485692","3088048","4677678","-33.98331394337105","-"
"1150317","11502","9917","中保科","其他","1507372","1587466","1540824","-5.045399397530404","-2.1710461415450433","3094838","3033179","2.032817713692466","-"
"1150317","11502","9918","欣天然","油電燃氣業","181732","240657","216119","-24.48505549391873","-15.911141547018078","422389","480089","-12.018604883677819","-"
"1150317","11502","9919","康那香","其他","209822","241818","212026","-13.231438519878587","-1.0394951562544217","451640","446794","1.0846161765824966","-"
"1150317","11502","9921","巨大","運動休閒","3250749","3674829","5422528","-11.540128805993422","-40.051042613334594","6925578","10109985","-31.497643171577405","-"
"1150317","11502","9924","福興","居家生活","416971","573076","504305","-27.239842533974553","-17.317694649071495","990047","1158700","-14.555363769741952","-"
"1150317","11502","9925","新保","其他","677597","711716","651313","-4.793906558233902","4.03554051585029","1389313","1304086","6.535381868987168","-"
"1150317","11502","9926","新海","油電燃氣業","204575","258769","220632","-20.943003219087295","-7.277729431814062","463344","479384","-3.345960649500192","-"
"1150317","11502","9927","泰銘","其他","564413","741736","712247","-23.906484247764702","-20.756001780281277","1306149","1372169","-4.811360699738881","-"
"1150317","11502","9928","中視","其他","66415","95872","53855","-30.72534212283044","23.32188283353449","162287","145493","11.542823366072595","-"
"1150317","11502","9929","秋雨","其他","63571","52003","69614","22.244870488241062","-8.680725141494527","115574","118660","-2.6007079049384796","-"
"1150317","11502","9930","中聯資源","綠能環保","839552","1242039","1061545","-32.40534314945022","-20.912255250601717","2081590","2188569","-4.888079836642117","-"
"1150317","11502","9931","欣高","油電燃氣業","146718","138640","135409","5.826601269474899","8.351734375115392","285358","256995","11.036401486410242","-"
"1150317","11502","9933","中鼎","其他","4952525","5606993","7613101","-11.672352720968263","-34.94733617746566","10559518","13498846","-21.77466133030927","-"
"1150317","11502","9934","成霖","居家生活","1456600","1510464","1321289","-3.5660565230286854","10.240833004740068","2967064","2789997","6.34649427938453","-"
"1150317","11502","9935","慶豐富","居家生活","388773","416492","376225","-6.6553499226875905","3.335238221808758","805265","788455","2.1320176801466157","-"
"1150317","11502","9937","全國","油電燃氣業","1563226","1801649","1796896","-13.233598775344143","-13.004091500008904","3364875","3768453","-10.709381276614037","-"
"1150317","11502","9938","百和","其他","972902","1565417","1336096","-37.850298035603295","-27.183226354992456","2538319","2621097","-3.158143327011553","-"
"1150317","11502","9939","宏全","其他","1939407","2360339","2309234","-17.83354001268462","-16.015137487149417","4299746","4612597","-6.782534871353383","-"
"1150317","11502","9940","信義","其他","672155","1052053","625288","-36.11015794831629","7.495266181343637","1724209","1207033","42.846881568275265","-"
"1150317","11502","9941","裕融","其他","3130994","3258710","3130664","-3.919219568479552","0.01054089483892235","6389704","6347817","0.6598646432308934","-"
"1150317","11502","9942","茂順","其他","278384","401646","302438","-30.689213884863786","-7.953365648496551","680030","589445","15.367846024650307","-"
"1150317","11502","9943","好樂迪","觀光餐旅","245503","216320","186569","13.49066198224852","31.588313170998397","461823","460302","0.3304352359972366","-"
"1150317","11502","9944","新麗","其他","173372","254450","209559","-31.864020436235016","-17.268167914525264","427822","390359","9.597063216167681","-"
"1150317","11502","9945","潤泰新","其他","2464355","3522822","2469016","-30.04599721473296","-0.18877965958908327","5987177","4697479","27.45510943210177","-"
"1150317","11502","9946","三發地產","建材營造","1138865","608728","3316","87.08930753965646","34244.54161640531","1747593","6535","26642.05049732211","本月及累月營收較去年同期增加，係因114年12月預售建案完工本月交屋入帳所致。"
"1150317","11502","9955","佳龍","綠能環保","135167","127961","69106","5.6314033181985135","95.59372558099152","263128","150850","74.4302287040106","營收較去年同期增加,主要係因本期貴金屬銷售量增加所致"
"1150317","11502","9958","世紀鋼","鋼鐵工業","1551164","1436160","1250268","8.007742869875223","24.066520138082396","2987324","2639353","13.18395076369095","-"
